company,title,text
heijmans,een mooie team gehad met 3 personen.,ik heb altijd met veel plezier bij Heijmans gewerkt.fijne collega's.mooi werk gedaan maar wel zwaar werk.
heijmans,Ambiente Lavorativo per Locali (olandesi),"Buona compagnia con discreta organizzazzione. 
Manca internazionalizzazzione ed apertura a nuove orizzonti innovativi, molto legata al ruolo di costruttore."
heijmans,uitdagende omgeving voor mensen die weten wat ze willen,"Technisch
 uitdagende omgeving. Door de eisen die opdrachtgevers stellen wordt je 
creativiteit op de proef gesteld. Eigen leiderschap helpt in je weg 
vinden."
heijmans,Ik werk in een gezellig en veilige werk omgeving,"Bij dit bedrijf is veiligheid het belangrijkste.
Als er een probleem is wordt deze gelijk opgelost"
heijmans,Gezellig bedrijf,"Sinds
 01-02-2015 ben ik werkzaam bij Heijmans op de afdeling Asset 
Management. Het bedrijf kenmerkt zich als een prettig en sociaal bedrijf
 waar de balans tussen werk en prive goed is. 

Zakelijk
 gezien merk ik dat Heijmans een behoorlijk ouderwets opererend bedrijf 
is. Samenwerking tussen de verschillende afdelingen/projecten verloopt 
moeizaam, inzet van mensen over diverse afdelingen/projecten staat nog 
in de kinderschoenen en de aanwezige kennis- en kunde kan veel beter 
worden ingezet.

Het
 leuke aan mijn huidige functie is de veelzijdigheid: praktische 
oplossingen (mee) bedenken, overleggen met monteurs, uitpluizen van 
onderhoudsplannen, overleggen met de klant, schrijven van 
werkinstructies, enz.

Het
 lastige/moeilijke aan mijn baan is zoveel mogelijk mensen op een lijn 
krijgen en houden. Voornamelijk het doorvoeren van optimaliseringen in 
de onderhoudsplannen is een strijd. Conservatieve denkwijzen zijn 
moeilijk te doorbreken. Uiteraard is dit ook weer de uitdaging van de 
job."
heijmans,gezellige club met goede arbeidsvoorwaarden,"vandaag heb ik oude convectors op schiphol gedemonteerd 
in
 verband met verbreden kolommen en op later tijd stip zal ik deze weer 
terug monteren wel altijd een uitdaging om met convectors van twee meter
 lang naar de opslag tussen de vakantiegangers door te moeten lopen"
heijmans,Top,"Ik heb er naar mijn zin gewerkt  leuke mensen 
mooi werk ik heb zeker veel ervaring op gedaan 
zoals het spoor"
heijmans,gezellige werksfeer,het werken met collega is leuk want je moet ook op elkaar letten want je staat soms in het verkeer
heijmans,plezierig naar je werk is van groot belangrijk,"het met plezier naar je werk gaan staat mij altijd voor op. En dat was het bij bouwbedrijf  Heijmans noord  zeker .
En het omgaan met een goede collega's  was natuurlijk ook van belang die mij ook gesteund in wat moeilijke tijden 
Natuurlijk is de omgang met directie van  groot belang 
nu de vraag  wat is het leukste van de baan
Ja daar heb ik maar een antwoord op  ; Samen een goed en duurzaam product neer te zetten waar we later trots op kunnen zijn"
heijmans,"Werkte met een klein team, met een goede werksfeer.","Een fijne werksfeer, je weet waar je aan toe bent.
In de pauze even relaxen met een partij darten."
heijmans,Kansen voor jongeren,"Veel
 voormalig afstudeerders krijgen de mogelijkheid zich verder te 
ontwikkelen in mooie functies. Bijzonder is de vrijheid en 
zelfstandigheid die gegeven wordt."
heijmans,nvt,werken met collega's daar is altijd wel door werken maar ook humor op zijn tijd
heijmans,Productieve en goeie werksfeer,"Was altijd gezellig om te werken met de jongens van burgers ergon (Heijmans)
Ze
 zijn altijd vrolijk op het werk. Was niet moeilijk alleen werken ze met
 een leen systeem(de eerste monteur trek kabels de andere komt achter 
hem het maken van de installatie in de wanden en zo komt de andere en 
enzovoorts) en ik was de laatste monteur in de installatie. Dit wil 
zeggen dat als ik klaar ben moet in de installatie alles kloppen zoals 
op de tekening staat. Zo te zien had ik een grootte 
verantwoordelijkheid. Ik had geleerd dat je moet snel en precies zijn 
want anders komt de plafonneur alles achter jouw dicht doen."
heijmans,als de sfeer goed is kan de productie omhoog,"ik werk al 40 jaar in de bouw met alle plezier van de wereld,als de beloning goed is is iedreeen tevreden"
heijmans,sfeervolle werkomgeving,"een
 drukke baan met veel verantwoording en erg divers in de werkzaamheden, 
van onderhoud tot nieuwbouw van renovatie tot interieur werk.
Het moeilijkste van de baan was om alle werkzaamheden goed voor elkaar te krijgen als de voorbereiding te wensen overliet.
Veel fijne colega,s waar ik goed mee heb samen mogen werken.
De diversiteit in het werk vond ik wel het fijnst."
heijmans,Zeer profesioneel bedrijf.,"Een bedrijf waar je de mogelijkheid hebt om je thuis te voelen.
Opleidings mogelijkheden zijn uitstekend, en ruimte voor je prive."
heijmans,Dagelijkse planning maken voor de monteurs,"Dagelijkse planning maken voor monteurs.
Contacten onderhouden met calldesk en opdrachtgever.
Opdrachtgeven tot aanmaken dossiers.
Bedrijf met hele korte lijnen.
Moeilijkste
 was de wisselende bezetting van de monteurs. Door te weinig opdrachten 
op andere locatie krijg je op laatste moment meerdere extra teams waar 
je ad-hoc werk voor moet hebben."
heijmans,Intressant werk met dagelijkse uitdagingen,"Het leuke van Uitvoerder zijn is de afwisseling
Geen dag is hetzelfde.
Het
 komt regelmatig voor dat je een planning door bijv weersomstandigheden 
of andere omstandigheden als bijv ziekte e.d moet wijzigen.
Als dan door creatief handelen uiteindelijk het verlies beperkt blijft levert dat een tevreden gevoel op. 
Verder is het werken met mensen in alle lagen binnen een organisatie heel erg leuk"
heijmans,fijn bedrijf om voor te werken,"lekker buiten met een groep collega's aan het werk in diverse steden
heel veel 
kom je weinig tegen 
super leuk
??????????????
heel veel"
heijmans,Goede werkomgeving,Ik heb 32 jaar heel goed gewerkt bij de firmaColega's zijn top
rituals,"Mooi merk met grotendeels goede ervaring, maar beloning vs inspanning is niet in balans.","Wat is het leukste aan werken bij het bedrijf?De
 klantbeleving wordt tot in de puntjes uitgevoerd, waardoor je als 
medewerker in een mooie shop staat, fijne producten demonstreert en goed
 getraind wordt.Wat is het meest stressvolle aan werken bij het bedrijf?Er
 wordt erg veel van je flexibiliteit en inzet gevraagd, de werkdruk is 
hoog en het salaris matcht daar niet mee (ondanks verhogingen in de 
afgelopen jaren). Targets haleb is erg belangrijk. Zolang dat regelmatig
 lukt is dat leuk en geeft het energie, maar als de targets constant 
hoger liggen dan het team kan realiseren, dan werkt het demotiverend en 
is het stressvol.Hoe zijn de werkomgeving en werkcultuur bij het bedrijf?Erg
 gericht op prestatie en perfectie (en dat is ook waarom het merk zo 
goed gebrand is, dus ik begrijp het prima) al heb ik het idee dat het 
per areamanager en ook per shopmanager verschilt. Het is hard werken, 
maar het neerzetten van prestaties geeft ook een kick  Daarnaast is er 
ook veel gezelligheid in de teams, zijn er mooie feestjes en is de sfeer
 rondom kerst een unieke ervaring om in te werken.Hoe ziet een typische dag er voor je uit bij het bedrijf?Vracht
 aannemen en verwerken, kassa's innleggen, start van de dag (targets en 
doelen doornemen met team), eventueel mini-training, verkoop, 
administratie, aanvullen en spiegelen, thematafels ombouwen, kassa's 
tellen, stofzuigen, shop afsluiten."
rituals,Fijne sfeer en een zeer welkom en gastvrij bedrijf.,Zeer wisselende baan met veel uitdaging en mogelijkheden!
rituals,Zojuist de derde (!!) Rituals Live mogen bijwonen ,"Ieder
 jaar mogen we minstens 2 keer bij elkaar komen voor een zogenoemde 
Rituals Live - samen met je area en de rest van de Benelux bereiden we 
ons voor op de mooiste periode van het jaar: Kerst!Dit keer zijn we in Eindhoven geweest, en wat was het weer top. Wat een fantastische organisatie, beleving en bedrijf om voor te werken. "
rituals,Leuke collega‚Äôs ,Plus: - Mooi bedrijf en geweldige producten- Leuke collega‚Äôs - Veel trainingen om te volgen Min: - hoge werkdruk- presteren onder druk - werk prive balans is lastig - waardering word uitgesproken maar is niet terug te zien- bonusregeling alleen voor mensen met 16 uurs contract- het is een bedrijf dat alleen 0-uren aanneemt mits je een management functie krijgt. Lange werkdagen denk aan bijv een dienst van 9 tot 18:15 met maar een half uur pauze 
rituals,Fijne werkomgeving,"Fijne
 werkgever en je krijgt regelmatig producten mee. Denken graag mee als 
het gaat om inplannen en willen ook graag dat je je ontwikkelt als het 
gaat om productkennis."
rituals,"Do
 good and good will come to you! Team event met veel fun, well-being, 
goed voor mens en planeet door de buurt bij kantoor schoon te maken. ","Ondernemerscultuur,
 passievolle mentaliteit voor het internationale merk Rituals, 
well-being & sustainability staan hoog op de agenda, 
doorgroeimogelijkheden, veel mogelijkheid voor trainingen voor eigen 
ontwikkeling, fantastische events & leuke borrels, flexibele &  
betrokken werkgever die dicht bij mensen in winkels en op kantoor staat.
 "
rituals,Gezellige werksfeer,"Hele
 leuke tijd gehad bij rituals, mooi bedrijf. Helaas wel heel laag 
salaris waarbij komt kijken dat je na sluitingstijd regelmatig 30 min 
overwerkt zonder uitbetaald te krijgen"
rituals,Onbevoegd management Noord Holland ,"Regio
 Noord Holland heeft  slechte management. Neerbuigende kritiek en 
hi√´rarchische systemen die de top rijker maken en de ongeschoolde 
meisjes uitbijten. "
rituals,-,Wat is het leukste aan werken bij het bedrijf?Pros: Nice colleagues. Good environment. Cons: Low salary. High tension. Wat is het meest stressvolle aan werken bij het bedrijf?Challenges and tension every day
rituals,"Profit oriented, gaslighting, toxic environment ","At
 first it looks like a nice place to work. The company celebrates every 
penny of success and calls it a team work, while the employees are still
 getting minimal wages only. No bonus, no real compensation. If you dare
 to talk about reality they will fire you, as you are no longer happy 
there. They are trying to brainwash everybody that it's the best 
workplace. The salaries are ridiculously low, and payed at the end of 
next month. The theatrics are the most important for the company. "
rituals,Dynamisch met kansen voor ontwikkeling ,"de
 vele doorgroeimogelijkheden binnen het bedrijf zorgen voor veel 
carri√®remogelijkheden. Echter, kan er soms veel van je worden verwacht, 
wat uitdagend kan zijn maar ook kan bijdragen aan professionele groei. 
het een goede keuze voor wie op zoek is naar een dynamische werkomgeving
 met kansen voor ontwikkeling."
rituals,gezellige collega‚Äôs,"Gezellige
 collega‚Äôs en elke dag is weer anders. Goeie sfeer maar soms hard werken
 maar je krijgt hier genoeg voor terug buiten het werken om! Mooi 
bedrijf"
rituals,"Mooie producten, verschrikkelijk management ","De
 producten zijn superfijn, managers zijn verschrikkelijk.  Veel 
geroddel, gerommel met gewerkte uren, laag salaris, storemanager super 
gestrest, niet capabel en onwijs aan het micromanagen, kan geen feedback
 aan, toxic omgeving"
rituals,Fijne werkgever,"Begonnen
 als kersthulp en uiteindelijk gebleven door de onwijs fijne werksfeer 
en het hechte team. Met plezier naar werk! Helaas niet op tijd door 
gegeven dat er over 2 weken geen uren meer zijn voor mij door terugkomst
 van een collega waardoor ik geen werk meer heb. "
rituals,Bijbaan voor korte duur,"Je
 leert veel en het staat goed op je cv. Maar zodra je er langer werkt en
 vast contract heb proberen ze je weg te jagen voor nieuwe tijdelijke 
contracten."
rituals,Gezellig‚Äô ,"Personeel
 mag vrolijker, voor de rest fijne winkel en erg schoon. Mooie producten
 en elke keer een nieuwe lijn te koop heel erg fijn! Mogen meer 
kortingen komen "
rituals,Niet goed geregeld,"Totale
 chaos, geen goede management, geen goede opleiding. Druk was hoog voor 
de opleiding die je kreeg. Was geen fijne werksfeer en was veel te 
streng."
rituals,Fijne werksfeer,"Werk
 er met plezier, nu bijna anderhalf jaar verder en nogsteeds een hele 
hoop plezier, er is veel mogelijk kwa flexibiliteit en doorgoei om 
jezelf te blijven ontwikkelen"
rituals,Leuke collega‚Äôs naar slechte management ,"Leuke
 collega‚Äôs maar slecht management. Hier 4.5 jaar gewerkt en elk jaar 
getwijfeld of ik moest stoppen of niet. Minimum loon maar je krijgt veel
 cadeautjes "
rituals,Leuk klantencontact,"Veel
 wisseling in team, kan wat onrustig zijn. Wel erg leuk contact met 
klanten. Soms het gevoel gehad dat de targets vanuit het hoofdkantoor 
belangrijker waren dan de staat van het personeel op de werkvloer"
heijmans,productieve dagen veel onbegrip,"Bekistingen bouwen of anderen daarbij helpen.Leren timmeren, ijzervlechten, lassen.Weinig met de directie te maken gehad.Ik
 heb het altijd prima kunnen vinden met mij collega's maar ik ben van 
mening dat zij het mij het vak beter hadden kunnen leren anders was ik 
nou niet werkloos geworden.Het leukste was vroeg beginnen en voor de files naar huis rijden"
flink,Samenwerking,"Op
 de gesprek is er veel duidelijk geworden over de functie. Mee loop dag 
was erg bijzonder. Het was gewoonlijk alles doe wat je in winkel hoor te
 doen. Het is ook prettig in overleg en taken zijn onderling goed 
geregeld. Ik wist wat waar ik aan toe was. Het geeft heel veel energie 
om nog door te groeien en nog steeds werk blijven doen. Veelzijdige 
kanten is ook uitdagend. Klanten hebben altijd tevreden gevoel bij 
vertlaten. Binnen komst van klant ben ik altijd overtuigt van verkopen. "
flink,Good place to be,"Good
 place to work diferent people and cultures, a growing company, where 
the time goes fast.Great manager, with good mindset and Team oriented. 
Time goes fast."
flink,Gevaarlijk en stressvol,"Flexibel,
 maar afspraken maken over werktijden onmogelijk. fietsen altijd kapot. 
Dit zorgt voor veel stress en gevaarlijke situaties. Banden hebben geen profiel, remmen zijn vaak kapot, kettingen vallen er constant af. Gelukkig leveren ze wel helmen‚Ä¶Kapotte
 fietsen moet je in je eigen tijd regelen(officieel niet maar je kan 
haast niet anders), anders gaat het van je statistieken af.Leidinggevenden zijn erg aardig maar ze hebben vrij weinig invloed. Je krijgt je rooster 3 dagen van tevoren en het is maar de vraag of ze je uren geven. Zelfs voor snel verdienen zou het √©cht afraden. "
flink,Haastige spoed is zelden goed.,"Na
 iets meer dan een half jaar voor Flink gewerkt te hebben ben ik tot de 
conclusie gekomen dat haastige spoed inderdaad maar zelden goed is!Dit
 bedrijf beweert dat jij zelf kan bepalen wanneer jij werkt. De diensten
 die jij invult die krijg je. Maar dat is ver van waar. Ze kijken 
namelijk al meteen van af dag een naar je snelheid. Tegenwoordig hebben 
ze zelfs een affiche met daarop dat ze je account gewoon blokkeren als 
je volgens hun een te lage score behaald. En deze score is gebasseerd op
 belachelijke cijfers. Ze rekenen bijvoorbeeld geen stoplichten, drukte 
op de weg (bijvoorbeeld als de scholen uit zijn), het traplopen in 
flatten en het bijvoorbeeld net niet kunnen vinden van een huisnummer 
mee. Het duurt namelijk ook enige tijd voor je wijken echt leert kennen 
en die kans geven ze je niet. Dan zetten ze je namelijk eerst al minder 
in en mocht je inderdaad volgens hun te laag scoren, dan blokkeren ze 
dus gewoon je account.Al
 heb ik de blokkade zelf niet meegemaakt, ze hebben mij al wel gepakt op
 wat trager zijn omdat ik wat vervelende huizen had. Ik doe deze baan om
 mijn maandelijke lasten te kunnen betalen terwijl ik mijn droom 
voortzet, wat gewoon even tijd kost, en zij beweerden dat je ook echt de
 uren zou krijgen die je op zou geven.Dus
 ze hebben mooie praatjes, maar het is ver van waar. Verder was er ook 
een hub manager die zelfs zijn eigen vrienden uitnodigde in de late 
uren. Deze vrienden zaten ook overal aan, ze hingen zelfs op de fietsen!Ook een minpunt is dat je minimaal 3 diensten gewerkt moet hebben voor goede kledij, die je wel hard nodig hebt mocht het"
flink,Ik heb nog nooit eerder voor een bedrijf gewerkt dat zo weinig om haar werknemers geeft.,"Wat is het leukste aan werken bij het bedrijf?Af en toe kon je wat meekrijgen wanneer producten niet meer verkocht mochten worden.Wat is het meest stressvolle aan werken bij het bedrijf?Je
 bent daar eigenlijk altijd met te weinig mensen om het werk fatsoenlijk
 te kunnen doen. Er was nooit genoeg tijd voor een goede tht controle en
 als er nieuwe goederen binnen kwamen stonden de verse producten soms 
wel 6 uur buiten de koeling. Ook op momenten dat het er in de zomer 
stikheet was binnen. Klachten hierover worden niet serieus genomen.Hoe zijn de werkomgeving en werkcultuur bij het bedrijf?Je bent niet meer dan een nummertje."
flink,"Mijn Flink ervaring van 1,5 jaar","In
 de zomer is het een fantastische baan, lekker fietsen in het zonnetje. 
In de winter is het onaangenaam. De fietsen zijn op zich zelf meestal 
half kapot en onveilig om op te rijden, al helemaal als het vriest. Je 
moet helaas verplicht een helm op. Het loon is prima en je wordt 
wekelijks uitbetaald. Er is mogelijkheid om binnen te werken als 
vakkenvuller of als picker als je je best doet. Je begint meestal met 
een 0 uren contract, maar goede inzet wordt bij Flink beloont.Ik
 raad het aan om in april te beginnen als rider bij Flink en om in 
oktober proberen binnen te werken. Als je regenbestendig bent maakt dit 
niet uit."
flink,Moderne slavernij,"Als
 je van fietsen, muziek luisteren en werken bij een informeel bedrijf 
houdt, is het een goede baan. Meeste collega bezorgers en pickers waren 
top. Vanaf daar houden de pluspunten wel op. Leidinggevenden doen alleen
 wat hogerop oplegt. Elke week nieuwe belachelijke regels. Bijv. 
handmoffenplicht op fiets terwijl de vorst al achterwege is. Hoge 
werkdruk en nooit stil mogen zitten. Bedrijf denkt alleen aan 
eigenbelang en klanten. Iedereen om een id kaart moeten vragen bij 
alcohol ongeacht overduidelijke meerderjarigheid klant. Hierdoor risico 
op geweld en agressie. Stinkende muizenvallen in de hub en fietsen en 
accus zijn kapot en niet geschikt voor professioneel gebruik. Onterecht 
ontslag of dreiging daarmee.  Management kijkt neer op bezorgers, zij 
komen zelden in aanmerking voor promotie. Weinig nieuws geleerd bij dit 
werk. Ziekmelden kan leiden tot intimidatie en ontslag."
flink,Slechte werkgever en foutieve uitbetalingen,"Het
 bedrijf runt op eigenbelang en kijkt niet naar werknemers en hygi√´ne. 
Rattenplagen op werklocaties waar niks aan gedaan wordt. Betalingen 
worden foutief of niet uitgevoerd."
flink,Een plek waar je bent een nummer,"Ik
 werkte als een bezorger bij flink. De fietsen conditie  zijn echt 
slecht, ik weet niet hoe de werkgever kan die fietsen  geven .. ik kan 
niet met mijn manager praten   omdat hij/zij heeft veen aantwoord bij de
 flink app (quinyx), er zijn geen telefonnumer  ook.. jij kan schrijven 
bij de website naar klantservice en dan kreeg niks aantwoord. Die dagen 
wanneer ik wilde werken ik maakte vrij bij de app, maar ik kreeg zo veel
 keer meer extra dagen met 0 uur contract.. De salaris komt vaak zo 
laat. De loonstrook was niet zichtbaar op de app. Ik ben op 30/12 
gestopt  daar werken en na 16 dagen ik kreeg een email dat flink wou 
niet meer met mijn werken. Grappig, ik dacht hetzelfde 16 dagen vroeger.
 "
flink,Productief ,"Hard
 werken vanaf dag 1. Niet echt geleerd wat nou het slimste is in het 
verkeer. Goed uitgelegd via snapshot filmpjes. Management te zeker van 
zichzelf. Bedrijfscultuur Mayakaulo ok√©. Moeilijkste is jezelf oprapen. 
Leukste is Max snelheid rijden."
flink,scam,"Ze
 belden mij om mij een baan in de klantenservice aan te bieden. Ik moest
 veel documenten opsturen en bovendien ‚Ç¨ 10,- betalen voor een 
‚Äòverificatie‚Äô. Ze hebben mij nooit het werkmateriaal gestuurd, ze hebben
 mijn oproepen en WhatsApp geblokkeerd en ze hebben ‚Ç¨ 10,- van mij 
gestolen"
flink,Te veel eisen voor minimumloon ,"Ik
 heb op vele plekken gewerkt in verschillende branches, maar Flink 
spaand veruit de kroon voor de slechtste werkgever waar ik ooit heb 
gewerkt. Ze geven helemaal niets om de werknemers, maar verwachten een 
hoog tempo. Dit word zelfs nageleefd door targets. Het geeft een beetje 
een Amazon vibe, alleen dan nog slechter betaald. Er is genoeg anders 
werk voor minimumloon waar je niet als een slaaf behandeld wordt. "
flink,Heel slecht,"Wilde
 hier met plezier gaan werken. In mijn proeftijd zonder reden ontslagen!
 Ik was de snelste bezorger en alles ging prima. Als ik contact probeer 
te zoeken met flink of de hub, wordt ik genegeerd! Lekker professioneel.
 Ze nemen mensen aan die sloom zijn en juist niet gedreven zijn, ze 
willen dat schijnbaar graag in stand houden. Mensen moeten zo lekker 
lang wachten op hun eten‚Ä¶ik raad het ZEKER niet aan om rider te worden. 
Weet niet wie degene is die bepaald heeft dat ik eruit lig, maar 
bedankt! Ik verdien blijkbaar beter. "
flink,One big mess," Terrible working conditions, I don‚Äôt recommend, money don‚Äôt worth the risk, worst job ever"
flink,Rider,"On
 a typical day you would have a few orders yet a lot less than how many 
orders you got 1 year ago. It's not super stressful as long as you just 
ride the shifts that are available. But it can be hard to take brakes 
when you need/want to. Keep in mind that it's mostly fun in summer but 
in winter it gets a lot less fun because of the weather "
flink,Je komt er voor je geld.,"Constante
 hoge werkdruk en slechte communicatie tussen collega's. Rare CAO 
veranderingen waardoor je salaris omlaag gaat. Van Retail CAO naar 
E-commerce CAO. "
flink,Worst company ever,"Flink
 is a big mess. I've worked for startups before, but the challenges 
there were nothing compared to this horrible company. The recruiter 
makes false promises to make you take the job, but once you're in you'll
 find out that everything they've said was one big lie. There are no 
opportunities to grow, the salary is low and no matter how hard you 
work, you cannot expect a salary increase or any appreciation. The 
salary is usually paid too late and feedback or ideas are ignored. Most 
people who start here leave within a few months, as they should."
flink,Rustige maar wel stressvolle werkomgeving ,"Een
 dag bij flink is wel vrij simpel je komt aan en zorgd dat je fiets met 
accu klaar staat en je je werk kleding aan hebt daarna waneer je begint 
klok je in en kun je direct je taak gaan verichten.(als die er is)Moeilijkste
 van de baan is dat je tijdens de lange regenachtige shifts moet 
doorzetten en goed moet opletten tijdens je rit vooral bij een zwaardere
 bestelling.Leukste
 punten zijn wel. Veel vrijheid. Niemand die je constant in de gaten 
houdt en lekker je muziek op doen en waneer er geen orders zijn je rust 
pakkenVerder zijn er wel veschildende culturen op de werkvloer"
flink,slechtste bedrijg waar ik ooit voor heb gewerkt,"uren
 worden niet goed geregeld. manager denkt dat hij alles kan wat hij 
wil.zeer chaotish altijd. alle fietsen zijn kapot waardoor ik 2 x terug 
moest lopen . je uren worden continu veranderd . kortom niet hier werken
 alles is heel slecht geregeld"
flink,Slechtste bedriif ooit,"Van
 werkuren tot aan de management is zeer slecht gereld. Dit bedrijf zou 
ik aan niemand aanraden. Als je toch besluit om te werken voor Flink, 
dan heb ik heel veel respect voor je. En hopelijk hou je het lang vol 
want ze geven helemaal niks om hun medewerkers. "
rituals,Te laag salaris,"Fijne
 werkomgeving en collega‚Äôs! Salaris valt heel erg tegen‚Ä¶.. voor het werk
 wat je moet doen. Af en toe krijgen we wat leuks mee naar huis , maar 
dat is ook het enige leuk"
rituals,Fijne werkgever,"Rituals is een fijne werkgever, veel opties om te leren over het bedrijf."
rituals,It‚Äôs all fake ,"Stay
 away - company does not represent its values. Management is 
incompetent, rude and dismissive. Mistakes made by others will be put on
 you if you don‚Äôt have a backbone. Gossiping. Alienating you if 
coworkers don‚Äôt like you (saw it happen to others). Everybody tells you 
something different and then they get angry if you don‚Äôt understand what
 they want. If you speak up you will be put on the spot instead of 
listened to. Workload is crazy and stressful. You will change your mind 
about this brand within the first week of working there. Pay is not 
worth it. "
rituals,Een racistische en toxische werkplek,"Van
 de vele banen die ik heb gehad was Rituals wel echt een van de 
slechtste. Het is een racistische werkplek met een toxische werksfeer. In
 het begin wordt het gevoel gegeven dat het een fijne werkplek is waar 
je jezelf kan zijn, maar na mate de tijd wordt er constant neerhalende 
en niet-opbouwende kritiek gegeven (door collega‚Äôs en de manager). 
Verder wordt er onderling veel geroddeld en achter elkaars rug gepraat, 
waardoor de sfeer alleen maar verergerd. I.p.v. in gesprek gaan op een 
normale manier werd er door mijn manager tegen werknemers gescholden en 
werden we mentaal naar beneden gehaald. Verder zijn in korte tijd al 
mijn allochtonen collega‚Äôs ontslagen (‚Äúvrijwillig ontslag‚Äù). "
rituals,Vreselijk Bedrijf,"Kort
 samengevat is het een vreselijk bedrijf. Die totaal geen zorgen baat 
over hun werknemers. Het salaris bij het bedrijf is ontzettend laag voor
 de werkzaamheden die je moet verrichten. Niet alleen het salaris is en 
een enorme tegenvaller. De managers zijn ook onmenselijk. Ze doen 
allemaal leuk en aardig tijdens de sollicitatie gesprekken, maar toch 
loopt alles anders achter je rug om. Er komen bepaalde beloftes naar 
boven die je nooit meer terug zal zien. Er is een reden waarom er 
telkens weer zoveel mensen weg gaan bij Rituals. De mensen ‚Äúhoger op‚Äù 
trappen je met gemak de grond in. Niks is voor hun te gek. Heel jammer. 
Want de producten zelf zijn super. Ik zou het mensen niet aanraden om 
hier te gaan werken. Je beeld over het fantastische Rituals is binnen 2 
week volledig veranderd"
rituals,Leuke collega's ,"Mooie producten, alleen heel erg commercieel.Je krijgt veel te leren, enerzijds leuke info, aan de andere kant is het wel heel veel zelfstudie in je vrije tijd."
rituals,Stressvol,"Rituals cosmetics in Maastricht heeft geen respect voor de medewerkers. Vooral
 niet de managers in bodyspa en winkel. Ze zijn een heel slecht 
voorbeeld. Ik snap niet dat hun ooit managers zijn geworden. Ze kunnen 
niet tegen kritiek of feedback. Als je ze niet naar de mond praat dan 
mogen ze je al niet meer. Ze behandelen je als grofvuil en waarderen je 
niet en roddelen is nummer 1 daar. Ze zijn zelf te vuil dat ze 
rondlopen. Als je zegt ik voel me niet lekker dan praten ze gelijk over 
de omzetten of werk. Als je er weggaat krijg je als waardering 
aangebroken producten echt schandalig!. Reiskosten worden ook niet 
helemaal uitbetaald. Heel slecht ze moeten zich kapot schamen Rituals 
neem aub andere mensen aan die het wel waarderen i.p.v. hun. Ze zetten 
je alleen maar onder druk dat je zoveel mogelijk moet verkopen en je 
moet makeup op. Ga nooit werken in dit bedrijf in Maastricht!. "
rituals,Goede werkomgeving,Er wordt goed met je meegedacht. De collega's zijn fijn en er is ruimte voor persoonlijke ontwikkeling.
rituals,"Work hard, play hard","Rituals
 is nog altijd een snelgroeiend bedrijf, het tempo ligt hierdoor 
behoorlijk hoog maar wel passend bij de huidige tijd en Internationale 
karakter. Je hebt niet alleen je eigen ""familie"" in je winkel en daarmee
 binnen je regio maar ook als bedrijf. Er
 is veel ruimte binnen de bedrijfsfilosofie om nevenfuncties te bekleden
 of doorgroeien mits je dat wilt en ook aangeeft! Ook kan je je 
""creatieve ei"" kwijt in het runnen van je winkel. Met trots hier gewerkt
 en natuurlijk de mooie producten! Fan for life! De
 werkdruk ligt zo hoog als je zelf hard gaat. Er komt veel informatie 
binnen waardoor je wel gestructureerd zijn en de KPI's kunnen 
interpreteren en daarop anticiperen! "
rituals,Een top werkplek met veel ontwikkel en doorgroei mogelijkheid. .,"Al
 16 jaar werkzaam bij dit mooie bedrijf. Er is een strakke richtlijn wat
 betreft de werkzaamheden wat er  van je verwacht wordt. En een 
ongelofelijk prettige, gezellige en open sfeer waarin alle ruimte is 
voor je eigen inzicht en ideeen.  Veel mogelijkheden om je kennis op te 
bouwen, met daarnaast veel extra cursus opties om jezelf te ontwikkelen.
 En vergeet niet de extra cadeautjes die er met regelmaat zijn. Heerlijk
 om je huis volledig Rituals te maken. Get Ritualized and join this big 
happy family."
rituals,Erg stressvol ,Wordt vooral gekeken naar de targets en niet naar de personen 
rituals,Geen fijn bedrijf...,"Dit bedrijf is helaas niet magisch en zeket niet mensgericht.Als je denkt dat er intern doorgroeimogelijkheden zijn dan kom je van een koude kermis thuis.Ze
 vragen je wel om door te groeien maar dan moet je intern nog 3 
gesprekken voeren. Na deze gesprekken laten ze je nog een paar maanden 
wachten zodat je de nieuwe functie uitvoert voor het salaris van een 
functie lager. (Kosten laag houden)Veel
 managers namen ontslag waardoor er niemand bereikbaar was, ook zijn er 
behoorlijke personeelstekorten door handelen van hr waardoor er een hoge
 werkdruk ontstaat. Als laatst kunnen ze niet tegen feedback en weten ze helaas niet samen te werken aan een succes. ( Hi√´rarchisch bedrijf ) Het enige wat ik als leuk heb ervaren waren de collega's en klanten.Helaas geen fijne ervaring gehad bij een bedrijf wat dit wel uitstraalt naar de klant."
rituals,Fijn bedrijf om voor te werken,"Iedereen staat voor elkaar klaar, heerlijk team om mee te werken."
rituals,Heerlijke werksfeer ,"Het
 bedrijf denkt heel erg aan de welzijn van zowel hun medewerkers als 
klanten. Hele mooie combinatie wordt hier geleverd tussen jezelf kunnen 
ontwikkelen en doorgroeien zowel als persoon als medewerker. "
rituals,Mooi bedrijf in een prettige werkomgeving met fijne collega's,"Een
 mooi bedrijf en een hele fijne samenwerking met je collega's. Als 
nieuwe collega een warme ontvangst gekregen. Collega's die voor elkaar 
klaar staan. Samen met mijn team werken wij eraan om mooie doelen te 
bereiken en samen zorgen wij voor een prettige werksfeer waar een ieder 
zich comfortabel voelt.  Hierdoor ga ik iedere dag met veel plezier naar
 het werk. Daarnaast zijn er trainingen die ervoor zorgen dat je jezelf 
meer ontwikkelt waardoor je de klant een fijn winkel bezoek mag laten 
ervaren en de klant zich gewaardeerd voelt.  Doorgroei mogelijkheden."
rituals,Productief gezellig en leerzaam,"Er
 hangt een gezellige sfeer en alle collega's zijn vriendelijk. We werken
 met zn alle om een goal te bereiken. En the book of rituals en de kick-
 off s zijn erg leerzaam. "
rituals,Fijn innovatief bedrijf ,"Ik
 werk momenteel al een aantal jaar voor dit mooie bedrijf. The sky is 
the limit! Je kan binnen Rituals doorgroeien, ontwikkelen en toch de 
‚Äòwork life balance‚Äô behouden. Met de juiste coaching kom je er echt 
achter wie je bent en wat je wilt. De ondersteuning door middel van 
training, gespreksvoering en teamspirit kom je er echt wel! Het is een 
bedrijf wat een duidelijke strategie heeft en heel transparant is. Wat 
ik heel fijn vind! De maandelijks meetings zijn een mega pluspunt 
waardoor je iedere maand sowieso al je collega‚Äôs ziet maar je ook up to 
date bent met alle mooie nieuwe innovaties en hierdoor blijf je goed in 
contact met elkaar waardoor er een fijne band ontstaat onderling in het 
team. We werken in bedrijfskleding en sinds kort is de look aangepast 
naar piercings in de oren mag, zichtbare tatoeages zijn toegestaan en de
 Make up wat neutraler mag! Ik ben mega blij met mijn werkgever ik kan 
het iedereen aanraden om bij Rituals te komen werken. "
rituals,Hard werken met een heerlijk team,"Als
 Shopmanager geniet ik iedere dag van mijn team waarmee ik mag 
samenwerken. Zowel in mijn eigen shop als mijn collega managers in de 
regio. Het is voor mij een heel diverse baan met iedere dag weer nieuwe 
uitdagingen, met ruimte om te leren en te groeien. "
rituals,Leuke en mooie werkomgeving ,"Rituals
 is een gezond bedrijf en de winkels zijn altijd druk bezocht. Het is 
daarom ook mogelijk om door te groeien tot verschillende functies. Mijn 
ontwikkeling binnen Rituals zijn enorm en ik heb ook heel veel mogen 
leren onder de juiste begeleiding. Het werken met de targets houdt het 
uitdagend en daardoor blijf je gemotiveerd. Ik ga al jaren elke dag met 
plezier naar mijn werk! "
rituals,Rituals is een bedrijf waarbij je gezien en gehoord wordt.,"Werken
 voor Rituals is voor mij elke dag weer een feest. Je wordt gezien en 
gehoord. Er is voor iedereen, mits je zelf ook laat zien dat je hiervoor
 wil gaan, ruimte om door te groeien. Ik vind persoonlijk dat de balans 
tussen werk en priv√© volledig in je eigen handen ligt, afhankelijk van 
hoe je hiermee om gaat is het dus prima te doen. Ik zou iedereen 
aanraden om het avontuur met Rituals aan te gaan, het is een warm bad 
waar je terecht komt en het voelt als een familie."
flink,Leuk werk leuke collegas,"Ik
 kan niet spreken over andere locaties maar in Alkmaar werk je met leuke
 mensen. Waar je niet alleen maar een nummertje bent zoals op veel van 
deze werkplekken."
flink,makkelijk werk,"makkelijk werk, het is relaxed, als je samen met vrienden werkt is het gezellig,"
flink,Toxische werkgever!,"Gezondere werk/priv√© balans bieden en niet 24/7 beteikbaar en inzetbaar zijn.Beloftes worden niet nageleefd en afspraak is geen afspraak.HR
 alleen per mail bereikbaar en reactie tijd van 21 dagen, erg vervelend 
wanneer je veagen over je salaris of vakantiedagen hebt."
flink,Zeer slechte vestigingsmanager,"Ik
 kan alleen iets zeggen over flink Den Bosch, een bipolaire 
vestigingsmanager zonder enige empathie en interesse in collega,s is 
geen basis!"
flink,prima bijbaantje ,prima bijbaantje zelf de uren in de hand prima salaris
flink,Relaxed werken,"Flexibele werkdagen, het is ideaal te combineren met studie "
flink,"Makkelijk werk voor goed geld, bedrijg groeit te snel","Was
 ooit gezellig en een fijne werkplek met goed salaris en oog voor de 
medewerkers. Bedrijf groeit te snel. Bijvoorbeeld ze gingen een nieuwe 
hub openen en hadden niet genoeg mobiel houders voor ons. Ik moest 
alsnog met (niet waterdichte) oortjes in voor de navigatie in de regen 
gaan bezorgen. Was gevallen in een regenbui, en er was nul begrip. Na 
die dag gestopt."
flink,Flink management waardeloos,"Ze
 zijn altijd te laat met uitbetalen, reageren amper op mails wanneer je 
hun er op confronteert en soms moet je weken wachten op het salaris van 
een eerdere week, laat staan hoe lang je zou moeten wachten op het 
salaris van de weken er tussen. Ik raad het niemand aan om hier te gaan 
werken, slecht geregeld. Het team is echter wel leuk en de sfeer onder 
elkaar ook, open sfeer. Het management achter het bedrijf is echter 
klink klare onzin in samenhang met hun support afdeling."
flink,Wel een redelijk leuke tijd gehad.,"Heb
 hier maanden als rider gewerkt. Druk filiaal, maar als het drukker 
wordt stijgt ook het salaris dus dat is een pluspunt. Deze bijbaan is 
geweldig voor mensen die van een snel werktempo houden en graag hard 
werken. Ervaring met management was redelijk, er zijn meerdere 
teamleiders en je hebt niet met iedereen een klik, maar er zit hier een 
persoon die simpelweg totaal niet kan leidinggeven. Onder collega's wel 
eens problemen met inclusiviteit. Maar de manager en de meeste shift 
leads waren blij dat het werk werd verricht en er was aanmoediging en 
waardering. Veel flexibiliteit en je verveelt je vrijwel nooit. Tijdens 
de pauze kon ik doen waar ik zin in had. Er wordt soms veel met 
uitzendkrachten en freelancers gewerkt waardoor een vast team ontbreekt.
 Onboarding laat nog te wensen over."
flink,Stressvolle werkomgeving,"Als
 teamleider krijg je veel verantwoordelijkheid. Helaas wordt dit niet 
gewaardeerd. Zodra er wat fout gaat in het order proces is dit meteen de
 schuld van de shiftleader. Na een maand keihard zwoegen (40+ uur in de 
week), word je beloond met een loon waar een gemiddelde tiener nog niet 
eens blij mee zal zijn. Dit is overigens pas nadat je zelf achter je 
geld aan bent gegaan want ze vergeten nog wel eens wat."
flink,Friendly and helpful staff,"People
 that work there are very friendly and helpful. Shift leaders are always
 ready to help if you do not know something. Easy work but a lot of 
work. "
flink,Stressvol en ongewaardeerd,"Alles
 wat fout gaat word op jou afgeschoven. Management is heel slecht en je 
word totaal niet gehoord. Meedere malen gehad dat salaris niet of 
verkeerd werd uit gekeerd. Daarna krijg je pas een maand later reactie 
op de vraag waarom het salaris niet klopt. Salaris is veel lager dan bij
 de concurrent. Je werkt met spullen die eigenlijk al stuk zijn, want ze
 willen geen geld uit geven om nieuwe spullen te kopen. "
flink,Gezellige werkomgeving met een 'flat hierarchy' ,"Jong
 en dynamisch bedrijf met een vlakke hierarchy zorgt ervoor dat je sinds
 dag 1 thuis voelt als Flinker. Idee√´n en gedachtegangen worden 
geapprecieerd en gehoord, werkt zeer stimulerend en motiverend. Ik zou iedereen kunnen aanbevelen om te werken bij Flink. "
flink,Goeie werkgever,"Leuke werkplek, leuke collega‚Äôs vanaf de start. Goed ingewerkt ook"
flink,Dynamische werkomgeving met top collega's en met veel druk,"Flink
 is een fantastisch bedrijf om jezelf snel binnen te ontwikkelen. Je 
krijgt veel vrijheid en iedereen staat klaar om je te helpen. Doordat 
nog niet alles in vaste structuren ligt, is er hier veel ruimte om je 
eigen manier van werken te vinden en is er op veel vlakken nog 
verbetering te behalen. Het nadeel is dat er op sommige vlakken nog te 
weinig structuur is/medewerkers niet tegen zichzelf in bescherming 
worden genomen als ze teveel werken en/of sommige problemen moeilijk op 
te lossen zijn voor deze personen. Dit hoort natuurlijk bij een start-up
 en geeft meestal echt een kick."
flink,Leuke collega's maar een absoluut een ramp om voor te werken.,"In het begin was alles leuk en gezellig, tot dat ik
 merkte dat er heel veel zaken niet op orden waren. Salaris komt 
dikwijls niet op tijd, ze laten mensen op ondeugdelijke fietsen werken 
(amper remmen etc), ze laten je gemakkelijk in een storm werken zonder 
enige vorm van behoud op eigen veiligheid. Geen enkele hub kent een 
protocol of draaiboek met plannen (brandveiligheid etc). Sommige 
shiftleiders zijn compleet de weg kwijt en behandelen je als een voet 
veeg.  Ik ben blij dat ik weg ben!"
flink,Sterke start-up,"Een start-up die snel stappen zet naar een scale-up, en daarin zelf stappen kan maken in communicatie.Jong bedrijf waarin veel mogelijkheden zijn om te leren en te groeien. "
flink,Fijne omgeving waar je veel mogelijkheid hebt om door te groeien en je idee√´n op tafel te zetten!,- Flink geeft de medewerkers veel ruimte om te ontwikkelen. - Idee√´n worden ook goed gehoord heer en doorgepakt. - Betreft de bedrijfscultuur- heel erg open! - Dynamische omgeving
flink,Dynamische werkomgeving,"Ik heb een positief gevoel bij Flink. Een jong bedrijf, fijne werksfeer en leerzame omgeving. "
flink,"super dynamisch bedrijf, met echte team spirit waar veel mogelijkheden liggen om je verder te ontwikkelen. ","super dynamisch bedrijf, met echte team spirit waar veel mogelijkheden liggen om je verder te ontwikkelen. "
flink,"veel
 stress. Slechte uitbetaling. geen bonus meer.. Muizen overal. muizpoep.
 Niet schone werkplek. Te warm in zomer.  Slechte klantservice","Ik
 werk bijna 2 jaar voor Flink en ga ik binnenkort ermee stoppen. Om de 
zoveel tijd werkwijze wordt op een slechte manier aangepast en eigenlijk
 moeilijker wordt. Lijkt alsof ze het allen in hen eigen visie iets 
bedenken en dat het zomaar gaat praktisch gezien lukken. Hoofdkantoor en
 mensen wie daar werken hebben helemaal geen idee wat er echt gebeurt  
in de hub (Ten minste waar ik werk en ook waar anderen werken behalve 
maar een hub). Met andere woorden ze zijn nooit komen opdagen en 
dichtbij zien wie en hoe hard ervoor wordt gewerkt. Er wordt van je 
verwacht onder de naam multi-tasker veel te doen terwijl je salaris na 
lang te hebben gewerkt wordt niet verhoogd. Ook is de pension minder 
geworden maar niks in je salaris veranderd, dus niet hoger gegaan. 
Alleen in het begin had je maar wat zogenaamde bonus punten om wat extra
 te verdienen maar die is er ook nu uit. Voor kleine hub wordt 
overdreven veel deliveries verzonden en zonder genoeg opbergpplek te 
hebben moet je het allemaal plaatsen waar ze horen. Muizen overal. In de
 shelves vol van muizpoep en al die producten gaan naar de klanten. Ook 
voldoet de hub niet volgens de arbowet. Geen Nooduitgang. Niet schone 
werkplek. Te warm in zomer. Salaris vaker vaag en soms niet netjes 
betaald."
flink,Toxic work environment ,"If
 you would like to do a lot and different tasks and work a lot for small
 salary - this is best place for you. Management only talk nice but 
things are not done and if you have any questions to HR - need to wait 
at least for a week for the answer. Salaries are late almost and they 
don‚Äôt even inform you that it will be late. Don‚Äôt waste your time with 
this company. "
flink,"Slecht management, hoofdkantoor verkloot het","In
 het begin (2021) was het echt een leuk bedrijf om voor te werken met 
oog voor het personeel. Dat veranderde toen de zogeheten e-commerce cao 
werd ingevoerd. Dit hield in dat wij v√©√©l minder salaris kregen en de 
arbeidsomstandigheden verslechterd werden. Verder is er altijd gezeik 
met de uitbetaling van salaris en is het moeilijk op te lossen. Het 
zogenaamde ‚ÄòRider care team‚Äô kan niks waarmaken van de gemaakte beloftes
 en de mensen die daar werken zijn heel erg incapabel. Als ik 
toekomstige sollicitanten zou adviseren, zou ik zeggen dat je hier niet 
moet werken. "
flink,Ze behandelen je super slecht,"Slechte management, Niet hier werken! Alle andere bezorgbedrijven zijn veel beter. "
flink,"Slecht management, contact met leaders en overbelastende werkplek","Het
 slechtste bedrijf waar ik in mijn hele leven heb gewerkt. Contact met 
hub managers, contact met hoofdkantoor, klantenservice en shiftleaders 
is altijd slecht geweest. Je kan je beschikbaarheid ruim van te voren 
aangeven, maar nogsteeds kunnen ze je inplannen op tijden dat jijzelf 
niet beschikbaar bent. Je probeert dit netjes aan te geven, maar elke 
email naar de managers wordt niet beantwoord (of veel te laat) en 
hierdoor komt een 'no-show' op je naam te staan. De pauzes worden ook 
niet altijd even goed geregeld. Ik heb tijden gehad dat ondanks dat ik 
voldoe aan alle eisen om pauze te krijgen, dat deze niet gegeven word. 
Bezorgers nemen dit werk halfserieus wat het voor de mensen die er echt 
zijn om te werken moeilijker maakt. Uitbetalingen zijn altijd wel 
optijd, maar over bonussen word er ook altijd gelogen. Tot slot maakt 
het de shift-leaders/hub managers het niet uit wat er gebeurt met de 
werknemer."
flink,Slechtste werkgever ooit,"Hub
 manager Lorenzo Lijster is slecht. Weet niks als je met problemen zit 
en voelt zich groter dan derest. Nemen heletijd mensen aan terwijl ze je
 niet eens meer dan 8 uur per week kunnen bieden."
flink,"Misleidend, achterbaks en complete puinhoop","Flink
 is een werkgever die niks om jou geeft ondanks alle mooie woorden en 
beloftes. Waar je als kerstcadeau een lege buidelzak krijgt of helemaal 
niks. Onder de werknemers heerst wantrouwen en voor je het weet liggen 
er 20 leugens verspreid over jezelf. Het is altijd meer doen voor steeds
 minder geld. Contact
 met HQ is dramatisch. Je krijgt antwoord na gemiddeld 2 weken. Alles 
via email en de antwoorden zijn 9/10 keer kopieer en plak werk. Managers
 zijn incapabel en schuiven alles door naar de teamleider. Bezorgers 
hebben onveilige apparatuur. Onmenselijke werkdruk ongeacht de 
omstandigheden is een standaard gegeven."
flink,het slechtste bedrijf ooit dat uw geld steelt,"ik
 heb 2 maanden voor flink gewerkt maar ze hebbenn me nooit iets betaald.
 ze hebben altijd iets te zeggen of een ""probleem""' maar ik ben  nog 
steeds niet betaald en niemand geeft een antwoord, dit is niet wat je 
verwacht van een correcte bedrijf ,  echt schaamteloos, je speelt niet 
met de salaris van mensen.  Kom nooit naar deze bedrijf als je verwacht 
met een minimum aan respect behandeld te worden."
flink,"Slechte management, salaris problemen en weinig diensten","Werken bij flink ten strengste afgeraden!Managers
 en shiftlead die geilen op het gevoel dat ze zeggenschap hebben, 
salarissen die niet kloppen en die je telaat uitbetaald krijgt, manager 
die niets voor je wil doen en je laat stikken, weinig diensten door en 
korte diensten."
flink,Werksfeer is gezellig,"De bezorgers zijn zeer aardig, de leidinggevende staan duidelijk onder veel druk en komen regelmatig gestrest over"
flink,Geen vaste contract,"Ze
 geven alleen 1 jarige contract. Je contract is niet verlengd. Je moet 6
 maanden wachten voor nieuwe contract. Management is goed. Je kan app 
gebruiken en je mag je fooien houden. "
flink,Matig vergeleken met de concurrenten,"Elke
 maand komen er zomaar nieuwe regels bij wat de werkdruk voor de riders 
verhoogd. De bonussen worden elke week lager. Riders worden niet goed 
voorzien van apparatuur, dus je moet er meestal zelf voor zorgen."
flink,Loon altijd te laat,"Loon altijd te laat, hoge werkdruk tegen weinig pauze "
flink,Abnormaal,"Bepaalde
 mensen binnen het bedrijf (vooral managers en daarboven) denken alles 
te kunnen maken. Er word gedaan alsof het een hele leuke plek is om te 
werken maar na een aantal dagen werken zou je al snel merken hoe slecht 
alles geregeld is letterlijk iedereen die er werkt word gek van alle 
veranderingen die er plaatsvinden en random regels die zomaar toegepast 
worden "
flink,"Gute Bezahlung, schnelle Bewerbung","Ich
 habe bei Flink in Holland gearbeitet, aber dort war die Bezahlung ser 
gut: Sonntags doppeltes Gehalt. Die Arbeitskultur ist sehr unpers√∂nlich 
und die Abl√§ufe laufen sehr schnell ab. Gerade als R√§der kommt man so 
gut wie garnicht mit anderen in Kontakt. Ich habe nie Trinkgeld bekommen
 als Rider, was in Holland normal ist. Die Arbeitzeiten waren mit meinem
 0 Stunden Vertrag sehr flexibel und ich hab trotzdem fast immer alle 
Schichten bekommen, an denen ich arbeiten wollte obwohl ich mit meinem 
Vertrag keinen Vorrang hatte. Bei Unwetter war man selbst auf seine 
Sicherheit angewiesen."
flink,Medewerking,"Optimaal,lekker en lui.Diverse type van situaties niet goed zijn maar het is prima."
flink,boring job,"always they have problems with payment , the job is very boring , the salary is not good"
flink,Worst management ever,"I'm 100% disappointed with the management. The hub manager lies to the employees all the time. If you're a rider count on one shift a week, it must be just an extra. If
 you're working at the inventory count on doing the job of everybody, 
everything turns into your responsibility but you don't get any extra 
money for that. So many times you're working your a** off and the others
 are chatting and using their phone. "
flink,"Simpel rustig werk, maar teamleiders wat minder","Het
 was in het begin wel leuk om wat hier en daar boodschappen te bezorgen,
 maar je merkt snel dat de sfeer niet helemaal top is. De teamleiders 
hielden niks bij en schreeuwden naar mensen als dingen niet goed gingen,
 deden ook niks met feedback. De regels waren ook vaag en onterecht. 
Voor de rest prima salaris en shifts."
flink,Gezzelig,Als het weer mee qwrkt is het mooie plek om te werken
rituals,leuke sfeer,leuke sfeer in de winkel maar managing ging niet goed.
rituals,Naar m‚Äôn zin!,"Rituals is een bedrijf waaruit je evenveel energie kan halen als je erin stopt, one big family!üôèüèª De trainingen zijn super, echte teambuilding in combinatie met kennis overdragen. Natuurlijk wordt er wel wat van je verwacht maar wat wil je met zo‚Äôn snel groeiend bedrijf!"
rituals,"Work hard, play hard","Rituals
 is een werkgever waar veel van je gevraagd gaat worden. Er zijn hoge 
doelen en je krijgt ruimte om zelf iets neer te zetten. Er wordt veel 
aandacht besteed aan onboarding en het begrijpen van het Rituals DNA. "
rituals,"Veel investeringen in kennis medewerkers, Ouderwets & Chaotisch.","Mijn
 eerste manager was fantastisch, alles wat Rituals belooft draagde ze 
uit. Toen ging ze weg en werd het een puinzooi, met twee mensen een 
counter runnen en dagen van 10 uur maken. Management kan totaal geen 
feedback waarderen en de half jaarlijkse voortgangsgesprekken zijn 
onzin; er wordt niets mee gedaan. Ze
 verwachten van studenten dat ze volgens zinnen van het management 
ingepland kunnen worden, terwijl de flexibiliteit juist belangrijk is. 
Ik werk er nu 1,5 jaar en buiten het te laat aangeboden kregen van een 
vast uren contract was er totaal geen waardering voor het harde werken 
wat ik de afgelopen jaar had gedaan. Ook kreeg ik geen loonsverhoging op
 basis van werk ervaring, terwijl mij dit aan het begin van het 
soliciteren wel is toegezegd.Je
 bent per maand bijna een uur kwijt aan online modules maken die je niet
 betaald krijgt. De maandelijkse meetings worden gelukkig wel betaald, 
maar zijn als je er langer dan een half jaar werkt ontzettend 
repetatief. Het idee van de trainingen vind ik goed, en ook dat ze vaak 
de nieuwe producten als cadeau meegeven is fijn. Een
 ander sterk minpunt is de werkkleding, over cultural appropriation 
gesproken... De kleding is overgins ook maar verkrijgbaar is in 4/5 
verschillende maten, erg inclusivief. Je wordt verwacht een dikke laag 
make-up op te smeren, rode lippenstift, haren vast, korte rood gelakte 
nagels, je haar mag geen kleuren hebben die in de regenboog voorkomen, 
geen grote zichbare tatoeages, geen oorbellen, etc. Identiteit heb je 
niet. "
rituals,niemand adviseren om hier te werken ,"Mooi
 bedrijf van de buitenkant maar wat er op de werkvloer gebeurd is niet 
ok√©! Schandelijk! Met hun visie en missie slow down. Nou niet voor het 
persoonlijk. Wij maakte het streek lange dagen. Zaten in drie 
verschillende groepsappem. Werden verplicht allemaal buiten werktijd 
dingen te doen zoals een quiz maken in de app. Veel trainingen na 
werktijd nog op vrije dagen werd er verwacht dat je bij de training 
aanwezig was. Kleding voorschriften zijn ze belachelijk streng kom op 
zeg het is 2021 je mag gewoon je tatoeage of piercing in houden, maar 
bij Rituals niet hoor. Elke keer een lelijke pleister erover heen. Extra
 uren werden niet uit betaald . Moest je echt achteraan zitten waarop hr
 elke keer van de domme hield. Op het hoofdkantoor werken alleen maar 
zelfde soort types geen etnische achtergronden terwijl Rituals een 
posters gebaseerd merk is. Waar zijn de oosterse mensen dan? Of mensen 
van ander cultuur? Neem maar een kijkje op het hoofdkantoor alleen maar 
zelfde soort mens. Walgelijk, vraag me af of er niet word 
gediscrimineerd? Daarnaast is het loon gewoon heel laag voor wat er 
allemaal verwacht word van je. Heel commercieel bedrijf.Alles
 draait om omzet en cijfers en meer verkopen meer verkopen meer 
verkopen. Team veranderen constant. Niemand blijft lang bij Rituals. Na 
sluitingstijd ben je nog 30 min binnen en dat word niet betaald. Pauzes 
ben je verplicht de telefoon etc op te nemen. Ik zal niemand aanraden 
hier te werken. Bijna iedereen eindigd met een burn out "
rituals,"Veel werk, weinig geld en geen kans om te groeien ","Ik
 heb meer dan 3 jaar heel hard voor dit bedrijf gewerkt met valse 
beloften om te groeien en meer verantwoordelijkheden te nemen, maar 
meestal is alles gepland met de managementomgeving en heb je al je 
grenzen, dus het is meer om te doen wat ze je vroegen zonder enige 
ambitie te hebben  , en toen ik begon te vragen om verandering of om een
 ‚Äã‚Äãbetere situatie, maar ze besloten mijn contract te be√´indigen, lijkt 
het over het algemeen een geweldig bedrijf met een internationale manier
 van denken die aantrekkelijk kan zijn voor buitenlanders, maar in 
werkelijkheid als je dat niet bent  lokaal is of iemand kent, is er voor
 jou geen kans om verder te groeien."
rituals,Hard werken voor weinig geld,"Rituals
 heeft een mooie visie naar de buitenwereld toe maar dit is niet zo voor
 de interne medewerkers. Er wordt enorm veel van je gevraagd en er is 
geen mogelijkheid om al je werk af te krijgen. Als shopmanager sta je 
elke dag ingedeeld op de vloer en daarnaast moet je nog een hele hoop 
extra taken doen om de winkel goed te kunnen draaien."
rituals,Slecht,"Ik
 zou hier niet werken je werkt de heledag lang non stop bijna geen pauze
 max 10 minuten je doet te veel voor een ontzettend lage loon het is het
 niet waard"
rituals,Super fijne werkomgeving met een sterke cultuur ,"Ik
 werk met enorm veel plezier bij Rituals onder andere vanwege de enorm 
fijne en sociale sfeer die er heerst. Collega's zijn behulpzaam en 
co√∂peratief waardoor er sterke teams ontstaan. Er wordt veel gedaan om 
de organisatie cultuur door het gehele bedrijf te waarborgen en je op je
 plek te laten voelen vanaf het moment dat je aangenomen bent. Ik werk 
met trots voor Rituals, waar je een mooie zelf-ontwikkeling en carri√®re 
kunt doormaken.  "
rituals,Fijne bedrijfscultuur en werksfeer,"Zo'n
 3 jaar bij Rituals gewerkt en een ontzettend fijne tijd gehad. De 
cultuur van het bedrijf is super sterk, met veel gezellige, creatieve en
 enthousiaste collega's. Veel samengewerkt waarbij teamspirit hoog was 
en iedereen gemotiveerd is samen een mooi resultaat te behalen. Het 
bedrijf groeit enorm snel, wat veel mogelijkheden voor mij als starter 
meebracht om nieuwe dingen te leren en zelf ook door te groeien. 
Well-being staat hoog in het vaandel voor het merk en dit zag ik ook 
terug in hoe er met medewerkers werd omgegaan (van alles een mooi 
ritueel maken, goed verzorgde lunches, meditatie en yoga etc noem maar 
op)"
rituals,prettige werkomgeving met doorgroei mogelijkheden! ,"Rituals
 sprak mij altijd al heel erg aan omdat het een Nederlands bedrijf is 
wat enorm snel is gegroeid. Ik ben begonnen als kerstmedewerker en vond 
het toen erg leuk waardoor ik ben gebleven als shop medewerker. Als shop
 medewerker kreeg ik veel trainingen en kon ik mijn skills blijven 
ontwikkelen. Met mijn fijne collega's was het werken in de winkel erg 
leuk, ook tijdens de drukke periode's. Er was een  balans tussen 
gezelligheid en hard werken om de goals en KPI's van de winkels te 
behalen. kortom,  bij Rituals is het hard werken maar ik heb er veel 
gezelligheid voor terug gekregen! "
rituals,Hoge werkdruk,"Als
 rituals advisor leer je al in het begin hoe je mensen moet overhalen om
 extra producten te kopen voor die welbekende membership 4060/100 euro 
cadeau. De heledag door moet je deze zinnen herhalen en constant vragen 
of mensen member zijn en anders moet je ze member maken. Het draait bij 
dit bedrijf voornamelijk om targets behalen en producten aansmeren. Als 
werknemer word je hier mentaal niet goed van."
rituals,Its not that magic,"mijn
 grote droom om te mogen werken voor rituals, die ging 4 jaar geleden in
 vervulling. De eerste 3 maanden waren geweldig, dat ik je maar 10 euro 
per uur kreeg vond ik totaal niet erg! Tot ik ineens de winkel alleen 
moest draaien want iedereen viel met bosjes uit... oke geen probleem?? 
Daarna was er ineens geen plek meer voor mij en moest ik overgeplaatst 
worden. Hele leuke winkel leuke collega s maar al snel is duidelijk, 
rituals oogt mooi met de hun producten en slow down quotes maar dit 
geldt niet voor het personeel. Je moet gewoon hard werken en er word 
niet fijn omgegaan met meningen. Avond meetings? Onbetaald, of als je 
geluk hebt krijg je een cadeautje nou fijn bedankt. Je moet veel 
weekenden werken, flexibel zijn en niet te veel van jezelf laten horen 
en het liefste ook niet te wijs worden dan word je eruit gezet! na 4 
jaar ben ik na mijn zwangerschaps verlof eruit gezet tetwijl mij een 
vast contract was beloofd. Hou je van hielen likken en heb je geen eigen
 mening? Zeker gaan solliciteren"
rituals,Aan de buitenkant een pracht bedrijf en goed werkgever. Tot je de binnenkant ziet‚Ä¶. Een rotte appel! ,"Rituals
 doet zich voor als een buitengewoon goed werkgever. Dat is niet zo! 
Hard werken loont zich niet bij deze retailer. In de frontlinie wordt 
het geld gemaakt voor dit bedrijf. Enige vorm van waardering blijft uit.
 Op HQ wordt zwaar denigrerend gesproken over de mensen op de werkvloer.
 Er wordt gediscrimineerd, er wordt onderbetaald, er wordt van alles 
verlangd maar een tegenprestatie zit er niet bij. In alle management 
lagen lopen hielenlikkers, egotrippers en slangen. Van HR hoef je ook 
niet te verwachten dat ze er voor de werknemers zijn. Het is een 
walgelijke organisatie en het is jammer dat dit ten koste gaat van de 
mooie teams in de winkels. "
rituals,Productieve en gezellige sfeer,Super leuk om bij rituals te werken. Leuke collegas en sfeer. Er zijn veel doorgroeimogelijkheden. 
rituals,Fijne werk sfeer en goed bedrijf! ,"Het
 leuke aan werken voor Rituals is de connectie die je hebt met de klant 
en je collega‚Äôs. Het is een groeiend bedrijf en een super fijne werk 
sfeer! Als je open staat voor uitdaging op werk gebied raad ik werken 
bij Rituals zeker aan!"
rituals,Hoog tempo. Snel groeiende organisatie ,"Het
 tempo ligt heel hoog. Het is inmiddels een hele grote organisatie, 
waardoor er weinig aandacht voor jou als persoon meer is. In mijn geval 
geen mogelijkheid tot minderen in uren. En op de afdeling waar ik 
werkzaam was, geen vaste uren en dagen mogelijk. Dus balans werk/priv√© 
is er niet. "
rituals,Verschrikkelijk,"Rituals
 verkoopt een mooi verhaal en mooie producten maar het draait allemaal 
om geld. De werkdruk is hoog, te hoog voor het salaris wat je verdiend. 
Ze doen veel dingen die niet mogen en denken boven de wet te staan. Als 
je hier HR over belt weten ze er niks van en moet je ze zelf nog gaan 
uitleggen hoe de wet in elkaar steekt. Hiervoor heb ik een aantal keer 
rechtsbijstand moeten inschakelen.. Afspraken worden niet nagekomen en 
doorgroeimogelijkheden zijn er vrijwel niet.Daarbij is het allemaal √©√©n grote poppenkast, het is een groot toneelstuk en het management is om te janken. Werk-
priv√©balans is er ook niet, er word van je verwacht elke dag bezig te 
zijn met het bedrijf en je online trainingen te maken waar je niet voor 
betaald krijgt. Je
 moet 15 minuten van te voren aanwezig zijn en nadat de winkel sluit nog
 een half uurtje extra blijven om op te ruimen, dit krijg je ook niet 
uitbetaald.De collega's zijn eigenlijk het enige positieve van mijn tijd bij Rituals."
rituals,Vreselijk werkomstandigheden ,"Ik heb 2x voor Rituals gewerkt, zowel in Belgi√´ als in Nederland. Elke 2 keer was er wel iets, sowieso een uitbuiting van de medewerkers. Je
 wordt helemaal gek gedraaid omdat je enkel omzet moet draaien, zogezegd
 geven ze om hun klanten en medewerkers, de grootste onzin die ik al 
ooit heb meegemaakt.Als
 je een dag wat minder omzet draait, heb je direct de niksnutten van HR 
aan de telefoon die even willen weten hoe deze situatie zit. Verder
 gewoon ook een heel ongezellig bedrijf, tegenwoordig nemen ze iedereen 
aan die geen achtergrond in de cosmetica heeft, waardoor ik als 
storemanager werd geroepen wanneer ik nota bene roosters zat te maken in
 de winkel, om mensen op te maken. Dit gezegd tegen de areamanager, toen kreeg ik het antwoord dat ik maar moest leren omgaan met mijn collega‚Äôs. 1x een burn out gekregen door alle werkdruk, 2e keer zelf opgestapt omdat ik er zo ongelukkig van werd. Vreselijke sfeer "
rituals,Prachtig product en verhaal maar zware werkdruk,"Heb
 zelf een langere tijd voor het bedrijf gewerkt had veel eerder de knoop
 moeten doorhakken. Als je mentaal niet lekker zit of een vervelender 
periode meemaakt verwacht niet dat er al teveel begrip voor is. Dan heb 
ik het over het management. Wellicht in het begin maar je bent een dag 
oprecht en ziek of raakt een familie lid kwijt of hebt geen gemakkelijke
 thuis periode. Wordt er verwacht dit weg te zetten en verder te gaan 
met targets behalen. Er zit zoveel druk om targets te behalen omdat 
management  bonussen ontvangt. Dit maakt het werken extra stressvol er 
worden vaak spelletjes  gehouden en challenge‚Äôs en er wordt verwacht dat
 je actief meedoet en op komt dagen op elke team meeting. Je moet een 
geldige reden mocht je niet kunnen bijwonen. Het steeds benoemen van de 
40‚Ç¨ regel dat er dan een cadeau wordt gegeven aan de klant en member 
maken is een must. De omzetten moeten hoog blijven. Al met al kort 
samengevat je moet mentaal er klaar voor zijn snel te werken en snel 
targets te halen. Ik ben er echt onderuit aan gegaan het toneelstukje 
meespelen ging voor een korte tijd goed. Na verloop van tijd als je 
minder presteert krijg je di zeker te horen. En ja mag je na gaan denken
 of je nog binnen deze familie past. En wordt je zonder pardon minder 
uren gegeven ofja van de planning afgehaald. Vindt dat ze een mooi 
product hebben met een mooi verhaal maar of ze daadwerkelijk door hebben
 hoe het personeel zich voelt dat denk ik niet. Zonde want verder zijn 
de winkles prachtig en de producten maar daar blijft het bij. Ik heb in 
het begin een fijn team meegemaakt en daar heb ik wel"
flink,Samenwerking,"Op
 de gesprek is er veel duidelijk geworden over de functie. Mee loop dag 
was erg bijzonder. Het was gewoonlijk alles doe wat je in winkel hoor te
 doen. Het is ook prettig in overleg en taken zijn onderling goed 
geregeld. Ik wist wat waar ik aan toe was. Het geeft heel veel energie 
om nog door te groeien en nog steeds werk blijven doen. Veelzijdige 
kanten is ook uitdagend. Klanten hebben altijd tevreden gevoel bij 
vertlaten. Binnen komst van klant ben ik altijd overtuigt van verkopen. "
flink,Good place to be,"Good
 place to work diferent people and cultures, a growing company, where 
the time goes fast.Great manager, with good mindset and Team oriented. 
Time goes fast."
flink,Gevaarlijk en stressvol,"Flexibel,
 maar afspraken maken over werktijden onmogelijk. fietsen altijd kapot. 
Dit zorgt voor veel stress en gevaarlijke situaties. Banden hebben geen profiel, remmen zijn vaak kapot, kettingen vallen er constant af. Gelukkig leveren ze wel helmen‚Ä¶Kapotte
 fietsen moet je in je eigen tijd regelen(officieel niet maar je kan 
haast niet anders), anders gaat het van je statistieken af.Leidinggevenden zijn erg aardig maar ze hebben vrij weinig invloed. Je krijgt je rooster 3 dagen van tevoren en het is maar de vraag of ze je uren geven. Zelfs voor snel verdienen zou het √©cht afraden. "
flink,Haastige spoed is zelden goed.,"Na
 iets meer dan een half jaar voor Flink gewerkt te hebben ben ik tot de 
conclusie gekomen dat haastige spoed inderdaad maar zelden goed is!Dit
 bedrijf beweert dat jij zelf kan bepalen wanneer jij werkt. De diensten
 die jij invult die krijg je. Maar dat is ver van waar. Ze kijken 
namelijk al meteen van af dag een naar je snelheid. Tegenwoordig hebben 
ze zelfs een affiche met daarop dat ze je account gewoon blokkeren als 
je volgens hun een te lage score behaald. En deze score is gebasseerd op
 belachelijke cijfers. Ze rekenen bijvoorbeeld geen stoplichten, drukte 
op de weg (bijvoorbeeld als de scholen uit zijn), het traplopen in 
flatten en het bijvoorbeeld net niet kunnen vinden van een huisnummer 
mee. Het duurt namelijk ook enige tijd voor je wijken echt leert kennen 
en die kans geven ze je niet. Dan zetten ze je namelijk eerst al minder 
in en mocht je inderdaad volgens hun te laag scoren, dan blokkeren ze 
dus gewoon je account.Al
 heb ik de blokkade zelf niet meegemaakt, ze hebben mij al wel gepakt op
 wat trager zijn omdat ik wat vervelende huizen had. Ik doe deze baan om
 mijn maandelijke lasten te kunnen betalen terwijl ik mijn droom 
voortzet, wat gewoon even tijd kost, en zij beweerden dat je ook echt de
 uren zou krijgen die je op zou geven.Dus
 ze hebben mooie praatjes, maar het is ver van waar. Verder was er ook 
een hub manager die zelfs zijn eigen vrienden uitnodigde in de late 
uren. Deze vrienden zaten ook overal aan, ze hingen zelfs op de fietsen!Ook een minpunt is dat je minimaal 3 diensten gewerkt moet hebben voor goede kledij, die je wel hard nodig hebt mocht het"
flink,Ik heb nog nooit eerder voor een bedrijf gewerkt dat zo weinig om haar werknemers geeft.,"Wat is het leukste aan werken bij het bedrijf?Af en toe kon je wat meekrijgen wanneer producten niet meer verkocht mochten worden.Wat is het meest stressvolle aan werken bij het bedrijf?Je
 bent daar eigenlijk altijd met te weinig mensen om het werk fatsoenlijk
 te kunnen doen. Er was nooit genoeg tijd voor een goede tht controle en
 als er nieuwe goederen binnen kwamen stonden de verse producten soms 
wel 6 uur buiten de koeling. Ook op momenten dat het er in de zomer 
stikheet was binnen. Klachten hierover worden niet serieus genomen.Hoe zijn de werkomgeving en werkcultuur bij het bedrijf?Je bent niet meer dan een nummertje."
flink,"Mijn Flink ervaring van 1,5 jaar","In
 de zomer is het een fantastische baan, lekker fietsen in het zonnetje. 
In de winter is het onaangenaam. De fietsen zijn op zich zelf meestal 
half kapot en onveilig om op te rijden, al helemaal als het vriest. Je 
moet helaas verplicht een helm op. Het loon is prima en je wordt 
wekelijks uitbetaald. Er is mogelijkheid om binnen te werken als 
vakkenvuller of als picker als je je best doet. Je begint meestal met 
een 0 uren contract, maar goede inzet wordt bij Flink beloont.Ik
 raad het aan om in april te beginnen als rider bij Flink en om in 
oktober proberen binnen te werken. Als je regenbestendig bent maakt dit 
niet uit."
flink,Moderne slavernij,"Als
 je van fietsen, muziek luisteren en werken bij een informeel bedrijf 
houdt, is het een goede baan. Meeste collega bezorgers en pickers waren 
top. Vanaf daar houden de pluspunten wel op. Leidinggevenden doen alleen
 wat hogerop oplegt. Elke week nieuwe belachelijke regels. Bijv. 
handmoffenplicht op fiets terwijl de vorst al achterwege is. Hoge 
werkdruk en nooit stil mogen zitten. Bedrijf denkt alleen aan 
eigenbelang en klanten. Iedereen om een id kaart moeten vragen bij 
alcohol ongeacht overduidelijke meerderjarigheid klant. Hierdoor risico 
op geweld en agressie. Stinkende muizenvallen in de hub en fietsen en 
accus zijn kapot en niet geschikt voor professioneel gebruik. Onterecht 
ontslag of dreiging daarmee.  Management kijkt neer op bezorgers, zij 
komen zelden in aanmerking voor promotie. Weinig nieuws geleerd bij dit 
werk. Ziekmelden kan leiden tot intimidatie en ontslag."
flink,Slechte werkgever en foutieve uitbetalingen,"Het
 bedrijf runt op eigenbelang en kijkt niet naar werknemers en hygi√´ne. 
Rattenplagen op werklocaties waar niks aan gedaan wordt. Betalingen 
worden foutief of niet uitgevoerd."
flink,Een plek waar je bent een nummer,"Ik
 werkte als een bezorger bij flink. De fietsen conditie  zijn echt 
slecht, ik weet niet hoe de werkgever kan die fietsen  geven .. ik kan 
niet met mijn manager praten   omdat hij/zij heeft veen aantwoord bij de
 flink app (quinyx), er zijn geen telefonnumer  ook.. jij kan schrijven 
bij de website naar klantservice en dan kreeg niks aantwoord. Die dagen 
wanneer ik wilde werken ik maakte vrij bij de app, maar ik kreeg zo veel
 keer meer extra dagen met 0 uur contract.. De salaris komt vaak zo 
laat. De loonstrook was niet zichtbaar op de app. Ik ben op 30/12 
gestopt  daar werken en na 16 dagen ik kreeg een email dat flink wou 
niet meer met mijn werken. Grappig, ik dacht hetzelfde 16 dagen vroeger.
 "
flink,Productief ,"Hard
 werken vanaf dag 1. Niet echt geleerd wat nou het slimste is in het 
verkeer. Goed uitgelegd via snapshot filmpjes. Management te zeker van 
zichzelf. Bedrijfscultuur Mayakaulo ok√©. Moeilijkste is jezelf oprapen. 
Leukste is Max snelheid rijden."
flink,scam,"Ze
 belden mij om mij een baan in de klantenservice aan te bieden. Ik moest
 veel documenten opsturen en bovendien ‚Ç¨ 10,- betalen voor een 
‚Äòverificatie‚Äô. Ze hebben mij nooit het werkmateriaal gestuurd, ze hebben
 mijn oproepen en WhatsApp geblokkeerd en ze hebben ‚Ç¨ 10,- van mij 
gestolen"
flink,Te veel eisen voor minimumloon ,"Ik
 heb op vele plekken gewerkt in verschillende branches, maar Flink 
spaand veruit de kroon voor de slechtste werkgever waar ik ooit heb 
gewerkt. Ze geven helemaal niets om de werknemers, maar verwachten een 
hoog tempo. Dit word zelfs nageleefd door targets. Het geeft een beetje 
een Amazon vibe, alleen dan nog slechter betaald. Er is genoeg anders 
werk voor minimumloon waar je niet als een slaaf behandeld wordt. "
flink,Heel slecht,"Wilde
 hier met plezier gaan werken. In mijn proeftijd zonder reden ontslagen!
 Ik was de snelste bezorger en alles ging prima. Als ik contact probeer 
te zoeken met flink of de hub, wordt ik genegeerd! Lekker professioneel.
 Ze nemen mensen aan die sloom zijn en juist niet gedreven zijn, ze 
willen dat schijnbaar graag in stand houden. Mensen moeten zo lekker 
lang wachten op hun eten‚Ä¶ik raad het ZEKER niet aan om rider te worden. 
Weet niet wie degene is die bepaald heeft dat ik eruit lig, maar 
bedankt! Ik verdien blijkbaar beter. "
flink,One big mess," Terrible working conditions, I don‚Äôt recommend, money don‚Äôt worth the risk, worst job ever"
flink,Rider,"On
 a typical day you would have a few orders yet a lot less than how many 
orders you got 1 year ago. It's not super stressful as long as you just 
ride the shifts that are available. But it can be hard to take brakes 
when you need/want to. Keep in mind that it's mostly fun in summer but 
in winter it gets a lot less fun because of the weather "
flink,Je komt er voor je geld.,"Constante
 hoge werkdruk en slechte communicatie tussen collega's. Rare CAO 
veranderingen waardoor je salaris omlaag gaat. Van Retail CAO naar 
E-commerce CAO. "
flink,Worst company ever,"Flink
 is a big mess. I've worked for startups before, but the challenges 
there were nothing compared to this horrible company. The recruiter 
makes false promises to make you take the job, but once you're in you'll
 find out that everything they've said was one big lie. There are no 
opportunities to grow, the salary is low and no matter how hard you 
work, you cannot expect a salary increase or any appreciation. The 
salary is usually paid too late and feedback or ideas are ignored. Most 
people who start here leave within a few months, as they should."
flink,Rustige maar wel stressvolle werkomgeving ,"Een
 dag bij flink is wel vrij simpel je komt aan en zorgd dat je fiets met 
accu klaar staat en je je werk kleding aan hebt daarna waneer je begint 
klok je in en kun je direct je taak gaan verichten.(als die er is)Moeilijkste
 van de baan is dat je tijdens de lange regenachtige shifts moet 
doorzetten en goed moet opletten tijdens je rit vooral bij een zwaardere
 bestelling.Leukste
 punten zijn wel. Veel vrijheid. Niemand die je constant in de gaten 
houdt en lekker je muziek op doen en waneer er geen orders zijn je rust 
pakkenVerder zijn er wel veschildende culturen op de werkvloer"
flink,slechtste bedrijg waar ik ooit voor heb gewerkt,"uren
 worden niet goed geregeld. manager denkt dat hij alles kan wat hij 
wil.zeer chaotish altijd. alle fietsen zijn kapot waardoor ik 2 x terug 
moest lopen . je uren worden continu veranderd . kortom niet hier werken
 alles is heel slecht geregeld"
flink,Slechtste bedriif ooit,"Van
 werkuren tot aan de management is zeer slecht gereld. Dit bedrijf zou 
ik aan niemand aanraden. Als je toch besluit om te werken voor Flink, 
dan heb ik heel veel respect voor je. En hopelijk hou je het lang vol 
want ze geven helemaal niks om hun medewerkers. "
rituals,Productieve werkomgeving,"Gehecht
 team met variatie in het werk. Houden ook rekening met priv√© 
omstandigheden. Minpunten zijn de intensiefheid en salaris, but overall 
is het leuk :)"
rituals,gezellige werkomgeving ,Als je nieuw bent word je goed ingewerkt en er is een hele fijne sfeer en een aardig en behulpzaam team
rituals,Fijne klanten,"Leuk
 bedrijf en mooie producten goede trainingen en fijne werk omgeving mooi
 bedrijf om voor te mogen werken. Iedereen is ook super vriendelijk . 
!!!!!!!"
rituals,Top,"Top.
                                                                        
                                                                        
    "
rituals,Tevreden,"Ik
 heb in meerdere filialen van Rituals gewerkt en ben relatief tevreden! 
Kwaliteit en teamgevoel wisselt erg per filiaal. Maar zeker een leuke 
werkgever! "
rituals,"Great company culture, terrible higher management","I
 worked at the Marketing campaign team for 2 years at the HQ. The people
 were amazing but the upper management was toxic & did favoritism. 
There is little room for growth, the work culture is very top-down, the 
upper management is the worst i‚Äôve experienced and it‚Äôs very 
contradictory to what Rituals stands for as a brand. Also, very very poor compensation, it was such a joke."
rituals,Fijn bedrijf waar hard werken loont,"Rituals
 is een fijn bedrijf waar je jezelf kan en mag zijn. Daarnaast wordt er 
sterk ge√Ønvesteerd in jou als persoon. De slogan work hard play hard is 
dan ook zeker van toepassing. Daarnaast krijg je alle kansen om te 
groeien alsook de nodige vrijheid en tijd om jezelf te ontwikkelen 
alsook je eigen visie uit te oefenen. Wel wordt je steeds uitgedaagd om 
de beste resultaten te behalen wat soms als grote werkdruk kan ervaren 
worden."
rituals,Prima,"Leuke
 collega‚Äôs. Gezellige borrels. Wel een hoge werkdruk met de feestdagen. 
Maar je krijgt ook veel. Het loon mag van mij wel hoger. Maar jah het is
 de retail. "
rituals,Prima,"Helamaal
 prima en gezellig en een leuke sfeer met gezellige collega's. Alleen de
 thee is niet zo lekker, maarjaa dat is een stukje service naar de 
klanten toe"
rituals,VRESELIJK bedrijf ,"Alles lijkt allemaal zo rooskleurig als je komt solliciteren. Fijne werkomgeving , werkomstandigheden blablablablamaar
 er is hier zo ontiegelijk weinig van waar... Je maakt hele lange dagen 
daar en moet heel veel werk verrichten voor een pisloontje , terwijl  de
 leiders ( allemaal erg jong) de hele dag beneden theekransjes houden en
 roddelen over het personeel. En dan zodra je bovenkomt word je 
behandeld als slaaf en grofvuil. echt het enige enige positieve aan dit 
belachelijke bedrijf is dat je nog enigszins een redelijke korting 
krijgt en wel eens cadeautjes...Je bent hier maar een nummertjeMensen doe jezelf dit niet aan en ga hier niet werken "
rituals,"Hard werken, fijne werkomgeving met veel doorgroeimogelijkheden","Ik
 werk al zo‚Äôn 3 jaar bij Rituals en ik heb het altijd ontzettend naar 
mijn zin gehad! Het is hard werken, maar je krijgt er ook zeker iets 
voor terug. Ik heb altijd de ruimte gekregen om me te ontwikkelen en 
doelen voor mezelf te stellen. Als je zelf laat zien dat je iets wil 
bereiken dan wordt je daar ook op aangemoedigd. "
rituals,Achterbaks en veel te persoonlijk,"Het begon allemaal supermooi, allerlei beloftes met je intake gesprek, een leuk uniform en een leuk team.Tot je de realiteit meemaakt.Als
 0 uren contract wel altijd beschikbaar moeten zijn en op de vingers 
getikt worden als je ruim van te voren (bij ons 2 maanden) 1 dag vrij 
vraagt. Vervolgens ingeroosterd worden voor een shift van 4 uur en 
verder niks.Als
 je niet persoonlijk bent of niet deelt wat er om gaat in je leven wordt
 er over je geroddeld of achter je rug om gepraat en langzaam weggepest.
 Geen uitgebreide reden waarom je een zaterdag niet kan werken? We 
roosteren je gewoon in. Vinden we de reden niet goed? We roosteren je 
gewoon in. Maar je manager kan wel slapen op kantoor tijdens werkuren, 
want dat is allemaal helemaal prima.Rituals
 deelt niet makkelijk uren contracten uit, want dat wordt te duur. Dus 
krijgt iemand een contract? Dan moet er ook iemand uit. Dus om de maand 
hadden we wel weer 3 nieuwe collega's, die er dan ook gelijk weer uit 
vlogen.Rituals
 is een mooi merk, en ik heb veel plezier gehad met het helpen van het 
vinden van het perfecte product voor de klant. Maar het team is vol met 
achterbakse mensen die alleen uit eigenbelang werken voor 8.50 per uur 
<3"
rituals,Fijne werkomgeving,"Ik
 ben inmiddels al 5+ jaar werkzaam binnen Rituals. Ik heb afgelopen 
jaren veel geleerd en ik ben van shopmedewerker doorgegroeid tot 
shopmanager. Heb je ambities en houd je van werken in de retail, dan is 
Rituals the place to be! Persoonlijke ontwikkeling vind ik erg 
belangrijk en dat wordt niet overal serieus genomen, maar hier wel. Ook 
de werkzaamheden zijn erg afwisselend. De ene dag draai je lekker mee op
 de vloer en de andere dag ben je bezig met frontoffice taken. Je 
verveelt je in ieder geval niet! Wil je werken in een fijne werkomgeving
 omringd met leuke collega‚Äôs? Dan zou ik zeker solliciteren. "
rituals,Gezellige en fijne werkomgeving met leuke collega‚Äôs,"Ik
 werk nu 1,5 jaar voor Rituals. Ik heb deze tijd als zeer leuk en 
leerzaam ervaren. Ik ben voorlopig dan ook zeker nog niet van plan om op
 te stappen. We verkopen mooie producten die doen wat ze beloven 
waardoor het verkopen hiervan gemakkelijk gaat.Ik
 werk in een jong team met gezellige meiden. We werken mega hard maar 
kunnen na werk ook heerlijk een drankje doen op het terras. Dat is iets 
wat ik belangrijk vind aangezien je vaak meer en deels van je week 
doorbrengt op werk met collega‚Äôs. Ik raad werken bij Rituals zeker aan!"
rituals,Fijne werkplek met veel doorgroeimogelijkheden,"Ik
 werk bijna 2 jaar voor Rituals en heb in deze tijd veel geleerd. Ik ben
 begonnen als assistent-manager en binnen 6 maanden doorgegroeid naar 
waarnemend shopmanager. Omdat er veel ruimte is voor 
doorgroeimogelijkheden ben ik een half jaar later shopmanager geworden. 
Ik werk met veel plezier voor Rituals, het is een uitdagende werkplek 
waar jij jezelf kunt ontwikkelen. In je team en area doe je veel samen 
en dit zorgt voor een fijne en warme samenwerking!"
rituals,"Gezellige, Leuke, Productieve werksfeer ","Fijne
 gezellige bedrijfscultuur. Binnen het bedrijf je echt jezelf zijn. Mijn
 werkdag begint met cijfers van de vorige dag bespreken, targets voor 
die dag, leuke challenge verzinnen waar we die dag op gaan focussen. Samen met je team groeien naar de mooie doelen. Werken bij Rituals doe je samen met je team en area. Fijn en warm bedrijf. "
rituals,fijne werkomgeving,"ik werk nu 2 jaar bij rituals en heb het erg naar me zin!de collega's waarmee ik werk zijn leuk, gezellig en voel me er thuis bij.rituals is goed geregeld en zijn er ook echt voor jou dat jij goed op je plek zit bij het bedrijf!"
rituals,Fijne bedrijfscultuur en doorgroeimogelijkheden,"Fijne
 bedrijfscultuur waarbij je echt jezelf kunt en mag zijn. Op het begin 
van de werkdag wordt er samen met de collega‚Äôs gekeken naar de 
duidelijke KPI targets. Werken bij Rituals doe je echt samen als team , 
als area , als land. Dit maakt het zo‚Äôn warm bedrijf!"
rituals,"Gezellige werkomgeving, duidelijke doelen en ","In
 het begin van het werk vond ik het best lastig om hier te werken, mijn 
sociale waardigheden waren nog niet perfect, ik kwam best onzeker over. 
Deze baan was echt een stap uit mijn comfort zone. Wat ik zo mooi vind 
aan deze baan dat ik mezelf heel erg heb ontwikkeld. Mijn collega's 
hebben mij daar heel erg bij ondersteund. Nu zelfs in mijn priv√©leven 
ben ik meer zelfverzekerd geworden. Wat ik leuk vind aan deze baan is 
dat je werkt met hele leuke mensen die je altijd helpen en je kan altijd
 jezelf zijn. De verhaal van rituals zelf is heel inspirerend en je 
leert veel over verzorging, wat ook een bonus heeft, zo weet ik nu veel 
meer over skincare en heb ik een veel beter routine. Je kan ook leuke 
trainingen volgen. "
rituals,Geen gastvrije omgeving - Veel micromanagement in mijn team,"Het
 bedrijf groeit snel en dat betekent dat het management moeite heeft om 
bij te blijven, omdat er geen duidelijke richting vanuit de directie is.
 Transparantie ontbreekt ook bij het managementteam naar hun team toe. 
Als gevolg hiervan is de omgeving niet goed, is het managementteam 
overbelast, micromanage en zijn ze niet in staat constructieve en 
beleefde feedback te geven. Persoonlijk heb ik veel discriminatie 
ervaren met betrekking tot de teamactiviteiten en mijn vaardigheden. 
Helaas, toen ik contact opnam met de (interim) HR-collega voor 
ondersteuning en de mogelijkheid om van team te veranderen, omdat ik 
extreme stress en discriminatie ervoer, leek het erop dat ze niet wist 
hoe ze haar werk moest doen en vond ze het handiger om mij te adviseren 
het bedrijf te verlaten.Ook
 raakte ik meer gestrest toen ik niet de flexibiliteit had om thuis te 
werken op de drukke kantoordagen (dinsdag en donderdag). De vergader- en
 belruimtes waren niet genoeg en als gevolg daarvan deed ik mijn 
teamoproepen vaak zittend op de gang of op de trap."
rituals,"Samen werken, samen ontspannen ","Een
 fijne, relaxte werkomgeving.  Het is voor Rituals ook belangrijk dat 
wij als personeel ons goed en op ons plek voellen. Alle mijlpalen worden
 met heel het bedrijf gevierd en je voeldt je echt gewaardeerd als 
persoon.  Rituals is ook heel erg bezig met wat voor effect wij als mens
 hebben op de wereld. Daarom zijn we ook veel bezig met de natuur , 
millieu en hulp. Dit doen we door verschillende projecten te 
ondersteunen,  o.a. het planten van bomen en de ondersteuning van tiny 
miracles. Ben je nieuwsgierig geworden, je kan heel veel informatie over
 Rituals vinden op de website van Rituals zelf. Ik hoop jullie snel als 
collega te mogen verwelkomen. "
rituals,Inspirerende werkgever,"Rituals
 is een snelgroeiend en inspirerend bedrijf. We werken met een leuk team
 en mogen onze klanten elke dag blij maken met de geweldige producten. Een
 van de dingen die ik waardeer aan Rituals is de nadruk die wordt gelegd
 op teamgeest en samenwerking. Collega's werken samen als een hecht team
 en we ondersteunen elkaar om onze doelen te bereiken. Deze positieve 
dynamiek zorgt ervoor dat ik elke dag met plezier naar mijn werk ga en 
me gesteund voel door mijn collega's.Hierbij
 biedt Rituals talloze mogelijkheden voor groei en ontwikkeling binnen 
het bedrijf. Of het nu gaat om interne trainingen, inspirerende 
workshops of management programma's, ik voel me altijd aangemoedigd om 
mijn vaardigheden en kennis te vergroten. Kortom,
 ik ben omringd door een geweldig team, heb toegang tot 
groeimogelijkheden en voel me gewaardeerd voor mijn inzet. Als je op 
zoek bent naar een werkgever die je ondersteunt, inspireert en je kansen
 biedt om te groeien, kan ik dit bedrijf van harte aanbevelen!"
rituals,Een bedrijf dat meedenkt in je carriere-pad!,"Ik
 werk momenteel al 4,5 jaar met veel plezier voor Rituals. In de 
afgelopen jaren, heb ik verschillende promoties mogen maken binnen de 
organisatie. Er wordt geluisterd naar je ambitie en er wordt gedacht in 
mogelijkheden in je carriere. Dit is echt goed werkgevers-schap! Ik 
blijf zeker de komende jaren met veel passie nog voor dit bedrijf 
werken."
rituals,"Vol staan in ontwikkeling, daar hou ik van.","Mijn
 start bij Rituals bestond uit een warm welkom en een uitgebreid 
onboardingsprogramma wat ondersteunt werd door de Seniors uit het 
bedrijf. Hierdoor voelde ik me thuis, op mijn gemak en kon ik leren. Nu 
een jaar verder heb ik veel geleerd van de structuren van het bedrijf 
weet ik waarin ik kan bijdrage. Het is hard werken maar met heel veel 
plezier en met passievolle mensen om me heen. Rituals bied veel 
ontwikkelingskansen waarvan je zelf de owner bent, hierdoor heb je je 
succes in eigen handen. "
rituals,Fijne werksfeer ,"Rituals
 is een bedrijf waar je je echt thuis kan voelen. We groeien hard maar 
we houden oog voor de medewerkers in de winkels en onze klanten. Er is 
een prettige werksfeer, leuke feestjes en een fijne lunch. "
rituals,Helemaal jezelf kunnen zijn binnen een organisatie met een mooie cultuur,"Sinds
 dag 1 heb ik helemaal mezelf kunnen zijn bij Rituals. De cultuur binnen
 deze organisatie is heel prettig. Er wordt veel van je verwacht en het 
is hard werken, maar je krijgt er ook veel voor terug. Rituals 
investeert in hun mensen; trainingen (ook externe) worden gefaciliteerd 
en er worden regelmatig leuke events georganiseerd. Er is voldoende 
ruimte voor ontwikkeling en er zijn veel mooie doorgroeimogelijkheden."
rituals,Hele goede werkgever met een informele cultuur ,"Ik
 werk met heel veel plezier al jaren bij Rituals. Het is een snel 
groeiend bedrijf met grote ambities waardoor het tempo hoog ligt maar er
 is heel veel ruimte voor connectie met de klant en met elkaar. Er wordt
 veel ge√Ønvesteerd in medewerkers, bijvoorbeeld door mooie events en 
trainingen. Een bedrijf waar je gewaardeerd wordt en jezelf kan zijn en 
waar veel gelachen wordt. "
rituals,Klanten vriendelijk bedrijf met prachtig producten ,Ik vind me werk leuk en ik heb fijne collega‚Äôs.Beste producten voor home en body.Fijne om te zien dat trouw klanten altijd terug komen .Je kan altijd doorgroeien.Altijd nieuwe producten beschikbaar.Limited edition
rituals,"Hoge werkdruk, doorgroeien alleen mogelijk wanneer je het heel vaak aangeeft. ","Rituals
 is een mooi merk, maar erg commercieel. Het gaat om de verkoop en niet 
om het vaak prachtige product. Want daar is simpel weg geen tijd voor. "
rituals,fantastisch bedrijf,"Fantastisch
 bedrijf! Heb er met veel plezier gewerkt. bedankt voor de mooie tijd. 
Het zijn fijne producten en er is veel kant om door te groeien. het was 
een fijne tijd"
rituals,Beloven veel maar maken niks waar,"Bedrijf
 maakt veel beloftes maar maken ze niet waar. Lijkt een beetje op een 
sekte. Zolang je meegaat met wat ze zeggen is alles goed. Denk je 
kritisch na dan krijg je problemen."
rituals,"Fijne werksfeer, met goede doorgroei mogelijkheden. Positieve spirit!","Onwijs
 trots om voor dit prachtige bedrijf te mogen werken. Van alle mooie 
enovaties tot aan het werkbeleid aan toe, aan elk detail wordt gedacht. 
Bij Rituals mag je jezelf zijn en ben je uniek in alles wat je doet, en 
bovenal je mag er zijn!"
rituals,"Fijne werksfeer, aanbevolen","Inmiddels
 al jaren werkzaam bij Rituals als Shopmanager. Ik kan mij geen fijnere 
werkgever bedenken. Per filiaal werken met een shopmanager en assistent 
shopmanager. Samen met een team zorgen wij voor een mooie verzorgde 
winkel en geven we alle klanten een fijne shop ervaring. Elke 2 maanden 
organiseren we een shop kick Off en voorzien we het team van alle nieuwe
 informatie en commerci√´le momenten zoals Moederdag/kerst/limited 
editions enz. Met als afsluiter een goodiebag. Voor contracten vanaf 16u
 geldt een bonus regeling. Iedereen heeft toegang tot diverse app 
waarmee je Jezelf kunt ontwikkelen of bijvoorbeeld open-up als je 
behoefte hebt aan een sessie mindfullness.  Als shopmanager ben je 
onderdeel van een area, deze werken nauw samen, helpen en inspireren 
elkaar om tot het beste resultaat te komen. En alle successen worden 
gevierd, groot en klein. Ik kan rituals met een warm hart aanbevelen"
rituals,"Great company, amazing experience ","Contracted
 to work during the peak season. Excellent working conditions, training 
and onboarding. Salaries are fair and you have control of your schedule.
 "
rituals,Fijne werkplek,"Fijne
 werkgever om voor te werken. Ook de sfeer in de winkel was altijd erg 
leuk met de collega's.  De producten zijn erg fijn en hierin blijft het 
bedrijf ook vernieuwen. De doorgroei mogelijkheden zijn wel beperkt. 
Mensen van buiten het bedrijf krijgen eerder de kans dan de mensen die 
al in het bedrijf werken. Je word vanuit het bedrijf wel genoeg 
aangemoedigd om goed te blijven presteren. "
rituals,Ongezonde werkomgeving met een glanzend laagje,"De
 producten zijn mooi en daar doe ik het dan ook voor. Echter is de 
werkdruk enorm hoog en de salarissen slecht. Na vele jaren trouwen 
dienst voor dit bedrijf is de maat vol. Rituals
 geeft niet om de veiligheid van haar personeel. Geen bewaking, geen 
camera's geen navraag bij nare incidenten. We worden verwacht verplicht 
langer te werken maar krijgen die vervolgens niet betaald. De collega's op de werkvloer zijn aardig maar het verloop is hoog. "
rituals,Geen Aanrader,"Verwacht
 een hoge werkdruk, het besteden van veel tijd aan kennis opdoen buiten 
werktijd, pushen van managers en het voldoen aan een bepaald ""perfect"" 
uiterlijke standaard dat onwijs ouderwets is en erg misplaatst is omdat 
de CEO een man is (dit houdt in verplichte lippenstift, sjaaltje en 
uniform met verplichte dikke panty's, ""vrouwelijke"" look zonder tattoos 
of oorbellen zichtbaar). Het voelt onwijs alsof je opgeleid wordt tot 
stewardess terwijl je er relatief weinig betaald voor krijgt in 
vergelijking met het werk dat je doet. Teveneens bestaan er geen 
geldbonussed voor verkoopmedewerkers, wordt er competitief omgegaan met 
elkaar tijdens drukke maanden en is er vrijwel geen mogelijkheid om door
 te groeien (managers worden vrijwel altijd uit externe sectoren zoals 
vliegtuigmaatschappijen of reisbureaus gehaald). Verder is het verplicht
 voor 70-80% van het team of op kerstavond tot laat te werken. "
rituals,Gezellig maar stressvol,Het is heel fijn werken met collega‚Äôs maar er wordt te veel van je verwacht.
rituals,Vreselijke werkgever,"Rituals
 denkt niet aan het personeel, omzetten halen is belangrijker dan hoe de
 werknemer zich fysiek en mentaal voelt. Ze vragen dingen van je zoals 
trainingen in eigen tijd en voorschriften qua uiterlijk die niet voor 
iedereen haalbaar zijn. Diversiteit is ver te zoeken en ze houden je 
enorm aan het lijntje. Zeker geen aanrader om te werken, al helemaal 
niet voor het salaris dat je krijgt. Rituals staat niet achter het priv√©
 leven van medewerkers en staat niet achter vriendschappen die zijn 
gemaakt buiten de werkvloer om. Daarbij zijn er ook dingen in het 
contract die niet kloppen dus mocht je hier toch gaan werken, controleer
 alles goed na! Zelfde geldt voor je loonstroken. "
rituals,Echt een familie gevoel en enorme kansen om door te groeien.,"Ruim
 5 jaar werk ik nu bij dit mooie bedrijf. Ik wilde een grote switch 
maken in mijn job: van onderwijs naar cosmetica. Mijn beste keuze ever! 
Het voelt echt alsof je wordt opgenomen binnen een familie. Mijn 
managers zagen groeimogelijkheden. Vorig jaar werd ik Assistent manager 
en nu ben ik in de leer voor Shopmanager. Zit nu op mijn derde lokatie 
en zie het als een grote uitdaging om mijn huidige shop te laten bloeien
 en mijn team sterk en zelfverzekerder te maken. Je doet dit echt met 
elkaar. In je regio krijg je ook hulp en feedback wanneer je hiernaar 
vraagt. Qua loon is het misschien geen vetpot, maar Rituals zit wel 
netjes iets hoger dan de andere cosmetica bedrijven in de retail. Er zit
 al echt merkbaar verbetering in op dit vlak! Daarnaast krijg je 
regelmatig fijne extraatjes zoals producten of een goodiebag √©n een 
prachtig kerstpakket. Hou je van een uitdaging? Dan zit je bij Rituals 
goed. We houden van challenges en m√©t elkaar het beste eruit halen! Kom 
eens gezellig langs om de sfeer te proeven en spreek ons zeker aan als 
je interesse hebt om je bij ons aan te sluiten :)"
heijmans,Heijmans was goed voor mij ten tijden dat ik het door priv√© omstandigheden zwaar had. ,"Wat is het leukste aan werken bij het bedrijf?Opzetten van mijn eigen afdeling Wat is het meest stressvolle aan werken bij het bedrijf?Het afhandelen van de seizoens gedreven pieken. Hoe zijn de werkomgeving en werkcultuur bij het bedrijf?Het is een goede werkgever, die waardering liet blijken voor de medewerkers. Hoe ziet een typische dag er voor je uit bij het bedrijf?Mail checken. Acties opvolgen en uitzetten. Voortgang bespreken. Vergaderen over allerlei toekomst plannen."
heijmans,De werknemer op #1!,"Na
 ongeveer 6 maanden werken bij Heijmans heb ik het ervaren als enorm 
prettig. Goede arbeidsvoorwaarden, prettige werksfeer, uitdagende 
werkzaamheden en altijd meedenkend in persoonlijke zowel zakelijke 
groei."
heijmans,Productieve gezellige sfeer,"Wat is het leukste aan werken bij het bedrijf?Veel doorgroeimogelijkheden, fijne werkgeverWat is het meest stressvolle aan werken bij het bedrijf?Op tijd klaar zijn met het werk"
heijmans,vreselijk sfeertje,"Werd
 aangenomen op een nieuwe functie bij Heijmans Woningbouw. Niet 
ingewerkt en aan lot overgelaten. Werd bij een team van andere 
secretaresses neergezet die de hele dag over shoppen zaten te kakelen en
 niets uitvoerden. Elke week een overleg met 2 directeuren over evt. 
tenders waar men aan mee wilde doen, maar alles werd van tafel geveegd. 
Verder was het verplicht om de lunch in de kantine te gebruiken, als 
kleuters werden we van de werkvloer weggeroepen. Veel geroddel ook onder
 collega's. Ben binnen het jaar weer vertrokken hier."
heijmans,Een goed bedrijf om voor te werken,"Al
 14 jaar een prettig bedrijf met aandacht voor zowel sociale als 
zakelijke zaken. Ook voor wat betreft doorgroeimogelijkheden alle kansen
 binnen dit bedrijf. "
heijmans,Mooi bedrijf totdat je ziek wordt.,"Heijmans
 heeft mijn oude bedrijf overgenomen en dat heb ik gemerkt. Op het 
moment dat we overgenomen zijn had ik al jaren ms en werkte ik voor de 
IT afdeling.Op
 het oude bedrijf Burgers Ergon was dat geen probleem en kon ik thuis 
werken of op een vestiging dicht bij huis. Bij Heijmans wilde ze me weg 
hebben, dus besloten ze me drie keer per week naar hun hoofd vestiging 
te laten rijden a 150 km enkele rijs. Dat kwam neer op 900 km per week. 
Hierdoor ging mijn ziekte erg achteruit en ben ik nu voor 80-100% 
afgekeurd. Na totaal bijna 35 jaar dienstverband wordt je zo behandeld. 
En een gouden handdruk? Vergeet het maar. Voor mijn centen moest ik naar
 een advocaat."
heijmans,Heijmans is niet wat het lijkt,"Valt
 niet veel positiefs te zeggen eigenlijk. Een Heel slechte werksfeer dat
 is wel duidelijk.  Rare mentaliteit daar. En van boven af weinig 
kennis."
heijmans,Fijne werkomgeving met veel mogelijkheden,"Leuke
 werkgever waar ik veel ruimte en vrijheid krijg om mijn eigen 
werkzaamheden in te richten. Collega‚Äôs zijn bevlogen en maatschappelijk 
betrokken. Informele sfeer en netwerkbedrijf.  "
heijmans,Slecht bedrijf,Moet nog veel doen om een normaal bedrijf te worden .
heijmans,leuke sfeer,"top bedrijf, aanrader voor jonge ambitieuze techneuten."
heijmans,Oneerlijk,"Kijken
 niet naar hoe je je werk doet. Als je vast contract hebt kan je alles 
doen wat je wil. Hier profiteren te veel mensen van helaas. Vind dat 
geen fijne omstandigheden om in te werken. Management mag meer 
aanspreken."
heijmans,Fun and interesting experience,"Working
 in the innovation department was interesting as I could see activities 
throughout the company and where innovations were being developed.

The
 culture was really open and interactive, which is good for such a 
department I believe. What I really liked is the extend to which they 
worked together with universities and students to develop their 
innovations."
heijmans,IK heb er met plezier gewerkt een leuke sfeer,Goed gereedschap en vaklui om je heen je zou bij dit bedrijf ook kunnen uitwaaien naar een andere tak
heijmans,.bbh,"Je
 kan bij Heijmans veel leren en door groeien, een nadeel bij de kleine 
tak kabels en leidingen merken we niet echt wat van de. Familie sfeer 
binnen groot Heijmans"
heijmans,Fijn en goed bedrijf,"Ik
 heb Heijmans ervaren als een betrokken werkgever. Zeer ervaren 
collega's die met hart voor de zaak werken. Een open cultuur waar je bij
 de manager zo binnen kan stappen."
heijmans,veel aandacht voor opleiding en cursussen,"- grote mate van zelfstandigheid
- onderdeel van een groter geheel
- prettige collega's"
heijmans,Harde maar leerzame periode,"Gezien wat doorwerken inhoud , leerzaam kort maar krachtig geweest"
heijmans,Afwisselend werk met veel vrijheid,"Vaak heb ik geen idee wat ik de dag kan gaan verwachten maar deze vult zich vanzelf met diverse verzoeken.
Door
 deelname in ict projecten heb ik heel veel geleerd zowel van 
applicaties,, project dynamiek als ook intermenselijke relarties met 
(eind)gebrukers."
heijmans,gezelig samen werken met colegas,goed gemotiveerd in grondwerkt bijzen olk putten en huis aasluiten dus alles gewerlkt en gemotiveerd
heijmans,gezellig bedrijf om voor te werken,"groot bedrijf waar in je werkt 
heeft veel ervaring
geeft veel om veiligheid 
materieel goed voorelkaar"
flink,"Leuke sfeer, jong team en jong bedrijf. Echte samenwerking tussen verschillende afdelingen om het bedrijf te laten groeien.","Leuke werkgever! Geen heftige hi√´rarchie, echt samenwerken en leuke borrels en uitjes! "
flink,Slecht,"Krijgt
 goed betaald maar wegens slechte collega's en management is er geen 
fijne sfeer op het werk. Krijgt TOV andere baantjes goed betaald"
